旧字段,旧位置,唯一新字段,新位置,当前有效值或精确表达式,消费者,用户可调,说明
cfg.schema_version,project/cases/per_case/tandem_f40a3_phi0_r2/tandem_f40a3_phi0_r2_case.m:16,cfg.schema_version,tandem_f40a3_phi0_r2_case.m:38,2,project/lib/+tblR2/section4_vlsm_analysis.m:303; project/lib/+d23/initialize_run.m:28,身份或派生字段；非日常科学参数,当前主脚本为有效参数依据；原来源见原位置
cfg.case_id,project/cases/per_case/tandem_f40a3_phi0_r2/tandem_f40a3_phi0_r2_case.m:17,cfg.case_id,tandem_f40a3_phi0_r2_case.m:39,'per_case/tandem_f40a3_phi0_r2',project/lib/+tblR2/load_result.m:15; project/lib/+tblR2/save_result.m:5; project/lib/+tblR2/prepare_sequence_cache.m:243; project/lib/+tblR2/prepare_sequence_cache.m:344; project/lib/+tblR2/write_case_card.m:8; project/lib/+tblR2/transport_statistics.m:41; project/lib/+tblR2/transport_statistics.m:42; project/lib/+tblR2/section5_run.m:35,身份或派生字段；非日常科学参数,当前主脚本为有效参数依据；原来源见原位置
cfg.case_type,project/cases/per_case/tandem_f40a3_phi0_r2/tandem_f40a3_phi0_r2_case.m:18,cfg.case_type,tandem_f40a3_phi0_r2_case.m:40,'controlled',project/lib/+tblR2/structure_analysis_cache.m:116; project/lib/+tblR2/structure_analysis_cache.m:222; project/lib/+tblR2/structure_analysis_cache.m:320; project/lib/+tblR2/structure_analysis_cache.m:471; project/lib/+tblR2/write_case_card.m:8; project/lib/+tblR2/section5_run.m:76; project/lib/+tblR2/section5_run.m:79; project/lib/+tblR2/streamwise_development_analysis.m:50,身份或派生字段；非日常科学参数,当前主脚本为有效参数依据；原来源见原位置
cfg.name,project/cases/per_case/tandem_f40a3_phi0_r2/tandem_f40a3_phi0_r2_case.m:19,cfg.name,tandem_f40a3_phi0_r2_case.m:41,'串列 40 Hz 受控工况精简版 r2',project/lib/+tblR2/write_case_card.m:7; project/lib/+tblR2/plot_core_products.m:2294; project/lib/+tblR2/plot_core_products.m:2295,用户可调（消费者和本case模式生效时）,当前主脚本为有效参数依据；原来源见原位置
cfg.script_file,project/cases/per_case/tandem_f40a3_phi0_r2/tandem_f40a3_phi0_r2_case.m:20,cfg.script_file,tandem_f40a3_phi0_r2_case.m:42,script_file,project/lib/+tblR2/ensure_external_toolboxes.m:10; project/lib/+tblR2/ensure_external_toolboxes.m:11; project/lib/+tblR2/section4_vlsm_analysis.m:835,身份或派生字段；非日常科学参数,当前主脚本为有效参数依据；原来源见原位置
cfg.output_dir,project/cases/per_case/tandem_f40a3_phi0_r2/tandem_f40a3_phi0_r2_case.m:22,cfg.output_dir,tandem_f40a3_phi0_r2_case.m:44,"fullfile(case_root, 'output')",project/lib/+tblR2/section4_vlsm_analysis.m:173; project/lib/+tblR2/section4_vlsm_analysis.m:293; project/lib/+tblR2/section4_vlsm_analysis.m:294; project/lib/+tblR2/section4_vlsm_analysis.m:295,身份或派生字段；非日常科学参数,当前主脚本为有效参数依据；原来源见原位置
cfg.stages,project/cases/per_case/tandem_f40a3_phi0_r2/tandem_f40a3_phi0_r2_case.m:25,cfg.stages,tandem_f40a3_phi0_r2_case.m:47,struct(),project/lib/+tblR2/mean_stats_cache.m:57; project/lib/+tblR2/prepare_sequence_cache.m:46; project/lib/+tblR2/prepare_sequence_cache.m:47; project/lib/+tblR2/prepare_sequence_cache.m:306; project/lib/+tblR2/prepare_sequence_cache.m:323; project/lib/+tblR2/prepare_sequence_cache.m:328; project/lib/+tblR2/prepare_sequence_cache.m:357; project/lib/+tblR2/prepare_sequence_cache.m:392,配置容器/初值复制；请改叶字段,当前主脚本为有效参数依据；原来源见原位置
cfg.stages.cache,project/cases/per_case/tandem_f40a3_phi0_r2/tandem_f40a3_phi0_r2_case.m:26,cfg.stages.cache,tandem_f40a3_phi0_r2_case.m:48,'reuse',project/lib/+tblR2/mean_stats_cache.m:57; project/lib/+tblR2/prepare_sequence_cache.m:47; project/lib/+tblR2/prepare_sequence_cache.m:306; project/lib/+tblR2/prepare_sequence_cache.m:323; project/lib/+tblR2/prepare_sequence_cache.m:328; project/lib/+tblR2/prepare_sequence_cache.m:357; project/lib/+tblR2/prepare_sequence_cache.m:392,用户可调（消费者和本case模式生效时）,当前主脚本为有效参数依据；原来源见原位置
cfg.stages.statistics,project/cases/per_case/tandem_f40a3_phi0_r2/tandem_f40a3_phi0_r2_case.m:27,cfg.stages.statistics,tandem_f40a3_phi0_r2_case.m:49,'reuse',主脚本对应节 compute/reuse/skip 分支（按调用组定位，非逐字段动态覆盖证明）,用户可调（消费者和本case模式生效时）,当前主脚本为有效参数依据；原来源见原位置
cfg.stages.mean_bl,project/cases/per_case/tandem_f40a3_phi0_r2/tandem_f40a3_phi0_r2_case.m:28,cfg.stages.mean_bl,tandem_f40a3_phi0_r2_case.m:50,'reuse',主脚本对应节 compute/reuse/skip 分支（按调用组定位，非逐字段动态覆盖证明）,用户可调（消费者和本case模式生效时）,当前主脚本为有效参数依据；原来源见原位置
cfg.stages.phase,project/cases/per_case/tandem_f40a3_phi0_r2/tandem_f40a3_phi0_r2_case.m:29,cfg.stages.phase,tandem_f40a3_phi0_r2_case.m:51,'reuse',project/lib/+tblR2/write_case_card.m:11; project/lib/+tblR2/validate_config.m:83; project/lib/+tblR2/validate_config.m:87,用户可调（消费者和本case模式生效时）,当前主脚本为有效参数依据；原来源见原位置
cfg.stages.structures,project/cases/per_case/tandem_f40a3_phi0_r2/tandem_f40a3_phi0_r2_case.m:30,cfg.stages.structures,tandem_f40a3_phi0_r2_case.m:52,'compute',主脚本对应节 compute/reuse/skip 分支（按调用组定位，非逐字段动态覆盖证明）,用户可调（消费者和本case模式生效时）,当前主脚本为有效参数依据；原来源见原位置
cfg.stages.transport,project/cases/per_case/tandem_f40a3_phi0_r2/tandem_f40a3_phi0_r2_case.m:31,cfg.stages.transport,tandem_f40a3_phi0_r2_case.m:53,'skip',主脚本对应节 compute/reuse/skip 分支（按调用组定位，非逐字段动态覆盖证明）,用户可调（消费者和本case模式生效时）,当前主脚本为有效参数依据；原来源见原位置
cfg.stages.temporal,project/cases/per_case/tandem_f40a3_phi0_r2/tandem_f40a3_phi0_r2_case.m:32,cfg.stages.temporal,tandem_f40a3_phi0_r2_case.m:54,'skip',主脚本对应节 compute/reuse/skip 分支（按调用组定位，非逐字段动态覆盖证明）,用户可调（消费者和本case模式生效时）,当前主脚本为有效参数依据；原来源见原位置
cfg.stages.spatial,project/cases/per_case/tandem_f40a3_phi0_r2/tandem_f40a3_phi0_r2_case.m:33,cfg.stages.spatial,tandem_f40a3_phi0_r2_case.m:55,'skip',主脚本对应节 compute/reuse/skip 分支（按调用组定位，非逐字段动态覆盖证明）,用户可调（消费者和本case模式生效时）,当前主脚本为有效参数依据；原来源见原位置
cfg.stages.pod,project/cases/per_case/tandem_f40a3_phi0_r2/tandem_f40a3_phi0_r2_case.m:34,cfg.stages.pod,tandem_f40a3_phi0_r2_case.m:56,'skip',主脚本对应节 compute/reuse/skip 分支（按调用组定位，非逐字段动态覆盖证明）,用户可调（消费者和本case模式生效时）,当前主脚本为有效参数依据；原来源见原位置
cfg.stages.dmd,project/cases/per_case/tandem_f40a3_phi0_r2/tandem_f40a3_phi0_r2_case.m:35,cfg.stages.dmd,tandem_f40a3_phi0_r2_case.m:57,'skip',project/lib/+tblR2/ensure_external_toolboxes.m:18; project/lib/+tblR2/dmd_module.m:78,用户可调（消费者和本case模式生效时）,当前主脚本为有效参数依据；原来源见原位置
cfg.stages.lcs,project/cases/per_case/tandem_f40a3_phi0_r2/tandem_f40a3_phi0_r2_case.m:36,cfg.stages.lcs,tandem_f40a3_phi0_r2_case.m:58,'skip',主脚本对应节 compute/reuse/skip 分支（按调用组定位，非逐字段动态覆盖证明）,用户可调（消费者和本case模式生效时）,当前主脚本为有效参数依据；原来源见原位置
cfg.stages.spod,project/cases/per_case/tandem_f40a3_phi0_r2/tandem_f40a3_phi0_r2_case.m:37,cfg.stages.spod,tandem_f40a3_phi0_r2_case.m:59,'skip',project/lib/+tblR2/ensure_external_toolboxes.m:20,用户可调（消费者和本case模式生效时）,当前主脚本为有效参数依据；原来源见原位置
cfg.stages.correlations,project/cases/per_case/tandem_f40a3_phi0_r2/tandem_f40a3_phi0_r2_case.m:38,cfg.stages.correlations,tandem_f40a3_phi0_r2_case.m:60,'skip',主脚本对应节 compute/reuse/skip 分支（按调用组定位，非逐字段动态覆盖证明）,用户可调（消费者和本case模式生效时）,当前主脚本为有效参数依据；原来源见原位置
cfg.stages.harmonics,project/cases/per_case/tandem_f40a3_phi0_r2/tandem_f40a3_phi0_r2_case.m:39,cfg.stages.harmonics,tandem_f40a3_phi0_r2_case.m:61,'skip',主脚本对应节 compute/reuse/skip 分支（按调用组定位，非逐字段动态覆盖证明）,用户可调（消费者和本case模式生效时）,当前主脚本为有效参数依据；原来源见原位置
cfg.stages.figures,project/cases/per_case/tandem_f40a3_phi0_r2/tandem_f40a3_phi0_r2_case.m:40,cfg.stages.figures,tandem_f40a3_phi0_r2_case.m:62,'compute',主脚本对应节 compute/reuse/skip 分支（按调用组定位，非逐字段动态覆盖证明）,用户可调（消费者和本case模式生效时）,当前主脚本为有效参数依据；原来源见原位置
cfg.wall_side,project/cases/per_case/tandem_f40a3_phi0_r2/tandem_f40a3_phi0_r2_case.m:43,cfg.wall_side,tandem_f40a3_phi0_r2_case.m:65,'top',project/lib/+tblR2/prepare_sequence_cache.m:165; project/lib/+tblR2/prepare_sequence_cache.m:194; project/lib/+tblR2/prepare_sequence_cache.m:211; project/lib/+tblR2/prepare_sequence_cache.m:256; project/lib/+tblR2/prepare_sequence_cache.m:348; project/lib/+tblR2/validate_config.m:113; project/lib/+tblR2/validate_config.m:115,用户可调（消费者和本case模式生效时）,当前主脚本为有效参数依据；原来源见原位置
cfg.grid_size,project/cases/per_case/tandem_f40a3_phi0_r2/tandem_f40a3_phi0_r2_case.m:44,cfg.grid_size,tandem_f40a3_phi0_r2_case.m:66,[640 91],project/lib/+tblR2/load_result.m:17; project/lib/+tblR2/save_result.m:7; project/lib/+tblR2/prepare_sequence_cache.m:164; project/lib/+tblR2/prepare_sequence_cache.m:168; project/lib/+tblR2/prepare_sequence_cache.m:171; project/lib/+tblR2/prepare_sequence_cache.m:182; project/lib/+tblR2/prepare_sequence_cache.m:193; project/lib/+tblR2/prepare_sequence_cache.m:210,用户可调（消费者和本case模式生效时）,当前主脚本为有效参数依据；原来源见原位置
cfg.fs,project/cases/per_case/tandem_f40a3_phi0_r2/tandem_f40a3_phi0_r2_case.m:45,cfg.fs,tandem_f40a3_phi0_r2_case.m:67,960,project/lib/+tblR2/temporal_spectra_cache.m:46; project/lib/+tblR2/temporal_spectra_cache.m:73; project/lib/+tblR2/temporal_spectra_cache.m:75; project/lib/+tblR2/temporal_spectra_cache.m:126; project/lib/+tblR2/load_result.m:18; project/lib/+tblR2/save_result.m:7; project/lib/+tblR2/prepare_sequence_cache.m:266; project/lib/+tblR2/prepare_sequence_cache.m:346,用户可调（消费者和本case模式生效时）,当前主脚本为有效参数依据；原来源见原位置
cfg.Uinf,project/cases/per_case/tandem_f40a3_phi0_r2/tandem_f40a3_phi0_r2_case.m:46,cfg.Uinf,tandem_f40a3_phi0_r2_case.m:68,25,project/lib/+tblR2/mean_bl_friction.m:39; project/lib/+tblR2/mean_bl_friction.m:54; project/lib/+tblR2/section4_vlsm_figures.m:204; project/lib/+tblR2/plot_core_products.m:2285; project/lib/+tblR2/plot_core_products.m:2286; project/lib/+tblR2/plot_core_products.m:2287; project/lib/+tblR2/plot_core_products.m:2288; project/lib/+tblR2/section4_vlsm_analysis.m:360,用户可调（消费者和本case模式生效时）,当前主脚本为有效参数依据；原来源见原位置
cfg.nu,project/cases/per_case/tandem_f40a3_phi0_r2/tandem_f40a3_phi0_r2_case.m:47,cfg.nu,tandem_f40a3_phi0_r2_case.m:69,1.48e-5,project/lib/+tblR2/mean_bl_friction.m:39; project/lib/+tblR2/mean_bl_friction.m:54; project/lib/+tblR2/mean_bl_friction.m:116; project/lib/+tblR2/mean_bl_friction.m:153; project/lib/+tblR2/temporal_spectra_cache.m:86; project/lib/+tblR2/section4_vlsm_analysis.m:312; project/lib/+tblR2/+vlsmpod/prepare_context.m:64; project/lib/+tblR2/+vlsmpod/prepare_context.m:65,用户可调（消费者和本case模式生效时）,当前主脚本为有效参数依据；原来源见原位置
cfg.rho,project/cases/per_case/tandem_f40a3_phi0_r2/tandem_f40a3_phi0_r2_case.m:48,cfg.rho,tandem_f40a3_phi0_r2_case.m:70,1.20,project/lib/+tblR2/mean_bl_friction.m:153,用户可调（消费者和本case模式生效时）,当前主脚本为有效参数依据；原来源见原位置
cfg.D_mm,project/cases/per_case/tandem_f40a3_phi0_r2/tandem_f40a3_phi0_r2_case.m:49,cfg.D_mm,tandem_f40a3_phi0_r2_case.m:71,30,主脚本或动态字段消费者；未穷尽静态追踪（按调用组定位，非逐字段动态覆盖证明）,用户可调（消费者和本case模式生效时）,当前主脚本为有效参数依据；原来源见原位置
cfg.x_max,project/cases/per_case/tandem_f40a3_phi0_r2/tandem_f40a3_phi0_r2_case.m:50,cfg.x_max,tandem_f40a3_phi0_r2_case.m:72,328,project/lib/+tblR2/mean_bl_friction.m:25; project/lib/+tblR2/mean_bl_friction.m:139,用户可调（消费者和本case模式生效时）,当前主脚本为有效参数依据；原来源见原位置
cfg.min_valid_fraction,project/cases/per_case/tandem_f40a3_phi0_r2/tandem_f40a3_phi0_r2_case.m:51,cfg.min_valid_fraction,tandem_f40a3_phi0_r2_case.m:73,0.70,project/lib/+tblR2/section5_run.m:76; project/lib/+tblR2/validate_config.m:32; project/lib/+d23/joint_pod_array.m:16; project/lib/+d23/build_pod_cache.m:13; project/lib/+d23/build_pod_cache.m:111; project/lib/+d23/build_pod_cache.m:303,用户可调（消费者和本case模式生效时）,当前主脚本为有效参数依据；原来源见原位置
cfg.rebuild_cache,project/cases/per_case/tandem_f40a3_phi0_r2/tandem_f40a3_phi0_r2_case.m:52,cfg.stages.cache,tandem_f40a3_phi0_r2_case.m:48,'reuse',project/lib/+tblR2/prepare_sequence_cache.m:88,仅 stages.cache 可调,rebuild_cache 在 Section 0 只派生一次
cfg.frame_offset,project/cases/per_case/tandem_f40a3_phi0_r2/tandem_f40a3_phi0_r2_case.m:55,cfg.frame_offset,tandem_f40a3_phi0_r2_case.m:77,0,project/lib/+tblR2/prepare_sequence_cache.m:61; project/lib/+tblR2/prepare_sequence_cache.m:142; project/lib/+tblR2/prepare_sequence_cache.m:338; project/lib/+tblR2/validate_config.m:29,用户可调（消费者和本case模式生效时）,当前主脚本为有效参数依据；原来源见原位置
cfg.n_frames,project/cases/per_case/tandem_f40a3_phi0_r2/tandem_f40a3_phi0_r2_case.m:56,cfg.n_frames,tandem_f40a3_phi0_r2_case.m:78,6000,project/lib/+tblR2/load_result.m:16; project/lib/+tblR2/save_result.m:6; project/lib/+tblR2/prepare_sequence_cache.m:76; project/lib/+tblR2/prepare_sequence_cache.m:135; project/lib/+tblR2/prepare_sequence_cache.m:138; project/lib/+tblR2/prepare_sequence_cache.m:142; project/lib/+tblR2/prepare_sequence_cache.m:144; project/lib/+tblR2/prepare_sequence_cache.m:151,用户可调（消费者和本case模式生效时）,当前主脚本为有效参数依据；原来源见原位置
cfg.total_frames,project/cases/per_case/tandem_f40a3_phi0_r2/tandem_f40a3_phi0_r2_case.m:57,cfg.total_frames,tandem_f40a3_phi0_r2_case.m:79,2 * cfg.n_frames,project/lib/+tblR2/save_result.m:6; project/lib/+tblR2/write_case_card.m:10; project/lib/+tblR2/pod_denoise_prepare.m:77; project/lib/+tblR2/pod_denoise_prepare_memory_friendly.m:28; project/lib/+tblR2/pod_denoise_prepare_memory_friendly.m:29; project/lib/+tblR2/pod_denoise_prepare_memory_friendly.m:34; project/lib/+tblR2/validate_config.m:105; project/lib/+tblR2/section4_vlsm_analysis.m:31,身份或派生字段；非日常科学参数,当前主脚本为有效参数依据；原来源见原位置
cfg.formal_required_frames,project/cases/per_case/tandem_f40a3_phi0_r2/tandem_f40a3_phi0_r2_case.m:58,cfg.formal_required_frames,tandem_f40a3_phi0_r2_case.m:80,6000,主脚本或动态字段消费者；未穷尽静态追踪（按调用组定位，非逐字段动态覆盖证明）,用户可调（消费者和本case模式生效时）,当前主脚本为有效参数依据；原来源见原位置
cfg.allow_debug_snapshot,project/cases/per_case/tandem_f40a3_phi0_r2/tandem_f40a3_phi0_r2_case.m:59,cfg.allow_debug_snapshot,tandem_f40a3_phi0_r2_case.m:81,false,主脚本或动态字段消费者；未穷尽静态追踪（按调用组定位，非逐字段动态覆盖证明）,用户可调（消费者和本case模式生效时）,当前主脚本为有效参数依据；原来源见原位置
cfg.chunk_frames,project/cases/per_case/tandem_f40a3_phi0_r2/tandem_f40a3_phi0_r2_case.m:60,cfg.chunk_frames,tandem_f40a3_phi0_r2_case.m:82,48,project/lib/+tblR2/quadrant_streaming.m:50; project/lib/+tblR2/quadrant_streaming.m:51; project/lib/+tblR2/structure_analysis_cache.m:48; project/lib/+tblR2/prepare_sequence_cache.m:162; project/lib/+tblR2/prepare_sequence_cache.m:191; project/lib/+tblR2/prepare_sequence_cache.m:207; project/lib/+tblR2/prepare_sequence_cache.m:208; project/lib/+tblR2/spatial_spectra_cache.m:103,用户可调（消费者和本case模式生效时）,当前主脚本为有效参数依据；原来源见原位置
cfg.sources,project/cases/per_case/tandem_f40a3_phi0_r2/tandem_f40a3_phi0_r2_case.m:61,cfg.sources,tandem_f40a3_phi0_r2_case.m:87,struct(),project/lib/+tblR2/prepare_sequence_cache.m:60; project/lib/+tblR2/prepare_sequence_cache.m:63; project/lib/+tblR2/prepare_sequence_cache.m:64; project/lib/+tblR2/prepare_sequence_cache.m:65; project/lib/+tblR2/prepare_sequence_cache.m:71; project/lib/+tblR2/prepare_sequence_cache.m:134; project/lib/+tblR2/prepare_sequence_cache.m:332; project/lib/+tblR2/prepare_sequence_cache.m:333,配置容器/初值复制；请改叶字段,当前主脚本为有效参数依据；原来源见原位置
cfg.sources.raw,project/cases/per_case/tandem_f40a3_phi0_r2/tandem_f40a3_phi0_r2_case.m:62,cfg.sources.raw,tandem_f40a3_phi0_r2_case.m:88,struct(),project/lib/+tblR2/validate_config.m:109,配置容器/初值复制；请改叶字段,当前主脚本为有效参数依据；原来源见原位置
cfg.sources.postproc,project/cases/per_case/tandem_f40a3_phi0_r2/tandem_f40a3_phi0_r2_case.m:63,cfg.sources.postproc,tandem_f40a3_phi0_r2_case.m:94,struct(),tblR2.prepare_sequence_cache（实际来源初始化段后赋值）（按调用组定位，非逐字段动态覆盖证明）,配置容器/初值复制；请改叶字段,当前主脚本为有效参数依据；原来源见原位置
cfg.statistics_source,project/cases/per_case/tandem_f40a3_phi0_r2/tandem_f40a3_phi0_r2_case.m:73,cfg.statistics_source,tandem_f40a3_phi0_r2_case.m:104,'raw',主脚本或动态字段消费者；未穷尽静态追踪（按调用组定位，非逐字段动态覆盖证明）,用户可调（消费者和本case模式生效时）,当前主脚本为有效参数依据；原来源见原位置
cfg.statistics_frame_mode,project/cases/per_case/tandem_f40a3_phi0_r2/tandem_f40a3_phi0_r2_case.m:74,cfg.statistics_frame_mode,tandem_f40a3_phi0_r2_case.m:105,'all',project/lib/+tblR2/section5_run.m:12; project/lib/+tblR2/section5_run.m:78,用户可调（消费者和本case模式生效时）,当前主脚本为有效参数依据；原来源见原位置
cfg.profile,project/cases/per_case/tandem_f40a3_phi0_r2/tandem_f40a3_phi0_r2_case.m:77,cfg.profile,tandem_f40a3_phi0_r2_case.m:108,struct(),project/lib/+tblR2/mean_bl_friction.m:28; project/lib/+tblR2/mean_bl_friction.m:35; project/lib/+tblR2/mean_bl_friction.m:36; project/lib/+tblR2/mean_bl_friction.m:37; project/lib/+tblR2/mean_bl_friction.m:65; project/lib/+tblR2/mean_bl_friction.m:72; project/lib/+tblR2/range_average_profiles.m:11; project/lib/+tblR2/range_average_profiles.m:41,配置容器/初值复制；请改叶字段,当前主脚本为有效参数依据；原来源见原位置
cfg.profile.mode,project/cases/per_case/tandem_f40a3_phi0_r2/tandem_f40a3_phi0_r2_case.m:78,cfg.profile.mode,tandem_f40a3_phi0_r2_case.m:109,'range_avg',project/lib/+tblR2/mean_bl_friction.m:28; project/lib/+tblR2/mean_bl_friction.m:36; project/lib/+tblR2/range_average_profiles.m:41; project/lib/+tblR2/range_average_profiles.m:69,用户可调（消费者和本case模式生效时）,当前主脚本为有效参数依据；原来源见原位置
cfg.profile.params,project/cases/per_case/tandem_f40a3_phi0_r2/tandem_f40a3_phi0_r2_case.m:79,cfg.profile.params,tandem_f40a3_phi0_r2_case.m:110,[80 180],project/lib/+tblR2/mean_bl_friction.m:28; project/lib/+tblR2/mean_bl_friction.m:37; project/lib/+tblR2/range_average_profiles.m:42; project/lib/+tblR2/range_average_profiles.m:47,用户可调（消费者和本case模式生效时）,当前主脚本为有效参数依据；原来源见原位置
cfg.profile.U_inf_n_top,project/cases/per_case/tandem_f40a3_phi0_r2/tandem_f40a3_phi0_r2_case.m:80,cfg.profile.U_inf_n_top,tandem_f40a3_phi0_r2_case.m:111,5,project/lib/+tblR2/mean_bl_friction.m:35; project/lib/+tblR2/mean_bl_friction.m:65; project/lib/+tblR2/mean_bl_friction.m:72,用户可调（消费者和本case模式生效时）,当前主脚本为有效参数依据；原来源见原位置
cfg.loglaw,project/cases/per_case/tandem_f40a3_phi0_r2/tandem_f40a3_phi0_r2_case.m:83,cfg.loglaw,tandem_f40a3_phi0_r2_case.m:114,struct(),project/lib/+tblR2/mean_bl_friction.m:21; project/lib/+tblR2/mean_bl_friction.m:31; project/lib/+tblR2/mean_bl_friction.m:32; project/lib/+tblR2/mean_bl_friction.m:33; project/lib/+tblR2/mean_bl_friction.m:34; project/lib/+tblR2/mean_bl_friction.m:44,配置容器/初值复制；请改叶字段,当前主脚本为有效参数依据；原来源见原位置
cfg.loglaw.mode,project/cases/per_case/tandem_f40a3_phi0_r2/tandem_f40a3_phi0_r2_case.m:84,cfg.loglaw.mode,tandem_f40a3_phi0_r2_case.m:115,'auto',project/lib/+tblR2/mean_bl_friction.m:31,用户可调（消费者和本case模式生效时）,当前主脚本为有效参数依据；原来源见原位置
cfg.loglaw.skip_nearwall,project/cases/per_case/tandem_f40a3_phi0_r2/tandem_f40a3_phi0_r2_case.m:85,cfg.loglaw.skip_nearwall,tandem_f40a3_phi0_r2_case.m:116,0,project/lib/+tblR2/mean_bl_friction.m:33,用户可调（消费者和本case模式生效时）,当前主脚本为有效参数依据；原来源见原位置
cfg.loglaw.rmse_yplus_range,project/cases/per_case/tandem_f40a3_phi0_r2/tandem_f40a3_phi0_r2_case.m:86,cfg.loglaw.rmse_yplus_range,tandem_f40a3_phi0_r2_case.m:117,[80 250],project/lib/+tblR2/mean_bl_friction.m:34,用户可调（消费者和本case模式生效时）,当前主脚本为有效参数依据；原来源见原位置
cfg.loglaw.params,project/cases/per_case/tandem_f40a3_phi0_r2/tandem_f40a3_phi0_r2_case.m:87,cfg.loglaw.params,tandem_f40a3_phi0_r2_case.m:118,struct(),project/lib/+tblR2/mean_bl_friction.m:21; project/lib/+tblR2/mean_bl_friction.m:32; project/lib/+tblR2/mean_bl_friction.m:44,配置容器/初值复制；请改叶字段,当前主脚本为有效参数依据；原来源见原位置
cfg.loglaw.params.kappa,project/cases/per_case/tandem_f40a3_phi0_r2/tandem_f40a3_phi0_r2_case.m:88,cfg.loglaw.params.kappa,tandem_f40a3_phi0_r2_case.m:119,0.40,tblR2.mean_bl_friction -> tblR2.bl.loglaw_fit_chen（按调用组定位，非逐字段动态覆盖证明）,用户可调（消费者和本case模式生效时）,当前主脚本为有效参数依据；原来源见原位置
cfg.loglaw.params.B,project/cases/per_case/tandem_f40a3_phi0_r2/tandem_f40a3_phi0_r2_case.m:89,cfg.loglaw.params.B,tandem_f40a3_phi0_r2_case.m:120,5.0,tblR2.mean_bl_friction -> tblR2.bl.loglaw_fit_chen（按调用组定位，非逐字段动态覆盖证明）,用户可调（消费者和本case模式生效时）,当前主脚本为有效参数依据；原来源见原位置
cfg.loglaw.params.dy_h,project/cases/per_case/tandem_f40a3_phi0_r2/tandem_f40a3_phi0_r2_case.m:90,cfg.loglaw.params.dy_h,tandem_f40a3_phi0_r2_case.m:121,1.3,project/lib/+tblR2/mean_bl_friction.m:21; project/lib/+tblR2/mean_bl_friction.m:44,用户可调（消费者和本case模式生效时）,当前主脚本为有效参数依据；原来源见原位置
cfg.loglaw.params.Cfnum,project/cases/per_case/tandem_f40a3_phi0_r2/tandem_f40a3_phi0_r2_case.m:91,cfg.loglaw.params.Cfnum,tandem_f40a3_phi0_r2_case.m:122,12,tblR2.mean_bl_friction -> tblR2.bl.loglaw_fit_chen（按调用组定位，非逐字段动态覆盖证明）,用户可调（消费者和本case模式生效时）,当前主脚本为有效参数依据；原来源见原位置
cfg.loglaw.applicability,project/cases/per_case/tandem_f40a3_phi0_r2/tandem_f40a3_phi0_r2_case.m:92,cfg.loglaw.applicability,tandem_f40a3_phi0_r2_case.m:123,struct(),tblR2.mean_bl_friction -> tblR2.bl.loglaw_fit_chen（按调用组定位，非逐字段动态覆盖证明）,配置容器/初值复制；请改叶字段,当前主脚本为有效参数依据；原来源见原位置
cfg.loglaw.applicability.min_y_plus,project/cases/per_case/tandem_f40a3_phi0_r2/tandem_f40a3_phi0_r2_case.m:93,cfg.loglaw.applicability.min_y_plus,tandem_f40a3_phi0_r2_case.m:124,30,tblR2.mean_bl_friction -> tblR2.bl.loglaw_fit_chen（按调用组定位，非逐字段动态覆盖证明）,用户可调（消费者和本case模式生效时）,当前主脚本为有效参数依据；原来源见原位置
cfg.loglaw.applicability.max_y_over_delta,project/cases/per_case/tandem_f40a3_phi0_r2/tandem_f40a3_phi0_r2_case.m:94,cfg.loglaw.applicability.max_y_over_delta,tandem_f40a3_phi0_r2_case.m:125,0.15,tblR2.mean_bl_friction -> tblR2.bl.loglaw_fit_chen（按调用组定位，非逐字段动态覆盖证明）,用户可调（消费者和本case模式生效时）,当前主脚本为有效参数依据；原来源见原位置
cfg.loglaw.applicability.relative_target_tolerance,project/cases/per_case/tandem_f40a3_phi0_r2/tandem_f40a3_phi0_r2_case.m:95,cfg.loglaw.applicability.relative_target_tolerance,tandem_f40a3_phi0_r2_case.m:126,0.10,tblR2.mean_bl_friction -> tblR2.bl.loglaw_fit_chen（按调用组定位，非逐字段动态覆盖证明）,用户可调（消费者和本case模式生效时）,当前主脚本为有效参数依据；原来源见原位置
cfg.loglaw.applicability.max_method_difference,project/cases/per_case/tandem_f40a3_phi0_r2/tandem_f40a3_phi0_r2_case.m:96,cfg.loglaw.applicability.max_method_difference,tandem_f40a3_phi0_r2_case.m:127,0.15,tblR2.mean_bl_friction -> tblR2.bl.loglaw_fit_chen（按调用组定位，非逐字段动态覆盖证明）,用户可调（消费者和本case模式生效时）,当前主脚本为有效参数依据；原来源见原位置
cfg.loglaw.applicability.min_contiguous_points,project/cases/per_case/tandem_f40a3_phi0_r2/tandem_f40a3_phi0_r2_case.m:97,cfg.loglaw.applicability.min_contiguous_points,tandem_f40a3_phi0_r2_case.m:128,5,tblR2.mean_bl_friction -> tblR2.bl.loglaw_fit_chen（按调用组定位，非逐字段动态覆盖证明）,用户可调（消费者和本case模式生效时）,当前主脚本为有效参数依据；原来源见原位置
cfg.loglaw.applicability.min_log10_span,project/cases/per_case/tandem_f40a3_phi0_r2/tandem_f40a3_phi0_r2_case.m:98,cfg.loglaw.applicability.min_log10_span,tandem_f40a3_phi0_r2_case.m:129,1.0,tblR2.mean_bl_friction -> tblR2.bl.loglaw_fit_chen（按调用组定位，非逐字段动态覆盖证明）,用户可调（消费者和本case模式生效时）,当前主脚本为有效参数依据；原来源见原位置
cfg.modern_clauser,project/cases/per_case/tandem_f40a3_phi0_r2/tandem_f40a3_phi0_r2_case.m:101,cfg.modern_clauser,tandem_f40a3_phi0_r2_case.m:132,struct(),project/lib/+tblR2/mean_bl_friction.m:179; project/lib/+tblR2/mean_bl_friction.m:180; project/lib/+tblR2/mean_bl_friction.m:205,配置容器/初值复制；请改叶字段,当前主脚本为有效参数依据；原来源见原位置
cfg.modern_clauser.enabled,project/cases/per_case/tandem_f40a3_phi0_r2/tandem_f40a3_phi0_r2_case.m:102,cfg.modern_clauser.enabled,tandem_f40a3_phi0_r2_case.m:133,true,project/lib/+tblR2/mean_bl_friction.m:205,用户可调（消费者和本case模式生效时）,当前主脚本为有效参数依据；原来源见原位置
cfg.modern_clauser.method,project/cases/per_case/tandem_f40a3_phi0_r2/tandem_f40a3_phi0_r2_case.m:103,cfg.modern_clauser.method,tandem_f40a3_phi0_r2_case.m:134,'rodriguez_lopez_2015_constrained_bump1',tblR2.mean_bl_friction -> tblR2.bl.composite_profile_fit_rodriguez_lopez（按调用组定位，非逐字段动态覆盖证明）,用户可调（消费者和本case模式生效时）,当前主脚本为有效参数依据；原来源见原位置
cfg.modern_clauser.kappa,project/cases/per_case/tandem_f40a3_phi0_r2/tandem_f40a3_phi0_r2_case.m:104,cfg.modern_clauser.kappa,tandem_f40a3_phi0_r2_case.m:135,0.384,tblR2.mean_bl_friction -> tblR2.bl.composite_profile_fit_rodriguez_lopez（按调用组定位，非逐字段动态覆盖证明）,用户可调（消费者和本case模式生效时）,当前主脚本为有效参数依据；原来源见原位置
cfg.modern_clauser.B,project/cases/per_case/tandem_f40a3_phi0_r2/tandem_f40a3_phi0_r2_case.m:105,cfg.modern_clauser.B,tandem_f40a3_phi0_r2_case.m:136,4.17,tblR2.mean_bl_friction -> tblR2.bl.composite_profile_fit_rodriguez_lopez（按调用组定位，非逐字段动态覆盖证明）,用户可调（消费者和本case模式生效时）,当前主脚本为有效参数依据；原来源见原位置
cfg.modern_clauser.dy_h,project/cases/per_case/tandem_f40a3_phi0_r2/tandem_f40a3_phi0_r2_case.m:106,cfg.modern_clauser.dy_h,tandem_f40a3_phi0_r2_case.m:137,1.0,tblR2.mean_bl_friction -> tblR2.bl.composite_profile_fit_rodriguez_lopez（按调用组定位，非逐字段动态覆盖证明）,用户可调（消费者和本case模式生效时）,当前主脚本为有效参数依据；原来源见原位置
cfg.modern_clauser.skip_nearwall,project/cases/per_case/tandem_f40a3_phi0_r2/tandem_f40a3_phi0_r2_case.m:107,cfg.modern_clauser.skip_nearwall,tandem_f40a3_phi0_r2_case.m:138,1,tblR2.mean_bl_friction -> tblR2.bl.composite_profile_fit_rodriguez_lopez（按调用组定位，非逐字段动态覆盖证明）,用户可调（消费者和本case模式生效时）,当前主脚本为有效参数依据；原来源见原位置
cfg.modern_clauser.U_inf_n_top,project/cases/per_case/tandem_f40a3_phi0_r2/tandem_f40a3_phi0_r2_case.m:108,cfg.modern_clauser.U_inf_n_top,tandem_f40a3_phi0_r2_case.m:139,5,tblR2.mean_bl_friction -> tblR2.bl.composite_profile_fit_rodriguez_lopez（按调用组定位，非逐字段动态覆盖证明）,用户可调（消费者和本case模式生效时）,当前主脚本为有效参数依据；原来源见原位置
cfg.modern_clauser.enable_bump,project/cases/per_case/tandem_f40a3_phi0_r2/tandem_f40a3_phi0_r2_case.m:109,cfg.modern_clauser.enable_bump,tandem_f40a3_phi0_r2_case.m:140,true,tblR2.mean_bl_friction -> tblR2.bl.composite_profile_fit_rodriguez_lopez（按调用组定位，非逐字段动态覆盖证明）,用户可调（消费者和本case模式生效时）,当前主脚本为有效参数依据；原来源见原位置
cfg.modern_clauser.inner_step_yplus,project/cases/per_case/tandem_f40a3_phi0_r2/tandem_f40a3_phi0_r2_case.m:110,cfg.modern_clauser.inner_step_yplus,tandem_f40a3_phi0_r2_case.m:141,0.01,tblR2.mean_bl_friction -> tblR2.bl.composite_profile_fit_rodriguez_lopez（按调用组定位，非逐字段动态覆盖证明）,用户可调（消费者和本case模式生效时）,当前主脚本为有效参数依据；原来源见原位置
cfg.modern_clauser.pi_initial,project/cases/per_case/tandem_f40a3_phi0_r2/tandem_f40a3_phi0_r2_case.m:111,cfg.modern_clauser.pi_initial,tandem_f40a3_phi0_r2_case.m:142,0.20,tblR2.mean_bl_friction -> tblR2.bl.composite_profile_fit_rodriguez_lopez（按调用组定位，非逐字段动态覆盖证明）,用户可调（消费者和本case模式生效时）,当前主脚本为有效参数依据；原来源见原位置
cfg.modern_clauser.pi_bounds,project/cases/per_case/tandem_f40a3_phi0_r2/tandem_f40a3_phi0_r2_case.m:112,cfg.modern_clauser.pi_bounds,tandem_f40a3_phi0_r2_case.m:143,[0 2],tblR2.mean_bl_friction -> tblR2.bl.composite_profile_fit_rodriguez_lopez（按调用组定位，非逐字段动态覆盖证明）,用户可调（消费者和本case模式生效时）,当前主脚本为有效参数依据；原来源见原位置
cfg.modern_clauser.u_tau_scale_bounds,project/cases/per_case/tandem_f40a3_phi0_r2/tandem_f40a3_phi0_r2_case.m:113,cfg.modern_clauser.u_tau_scale_bounds,tandem_f40a3_phi0_r2_case.m:144,[0.5 1.8],tblR2.mean_bl_friction -> tblR2.bl.composite_profile_fit_rodriguez_lopez（按调用组定位，非逐字段动态覆盖证明）,用户可调（消费者和本case模式生效时）,当前主脚本为有效参数依据；原来源见原位置
cfg.modern_clauser.delta_scale_bounds,project/cases/per_case/tandem_f40a3_phi0_r2/tandem_f40a3_phi0_r2_case.m:114,cfg.modern_clauser.delta_scale_bounds,tandem_f40a3_phi0_r2_case.m:145,[0.5 2.0],tblR2.mean_bl_friction -> tblR2.bl.composite_profile_fit_rodriguez_lopez（按调用组定位，非逐字段动态覆盖证明）,用户可调（消费者和本case模式生效时）,当前主脚本为有效参数依据；原来源见原位置
cfg.modern_clauser.minimum_points,project/cases/per_case/tandem_f40a3_phi0_r2/tandem_f40a3_phi0_r2_case.m:115,cfg.modern_clauser.minimum_points,tandem_f40a3_phi0_r2_case.m:146,10,tblR2.mean_bl_friction -> tblR2.bl.composite_profile_fit_rodriguez_lopez（按调用组定位，非逐字段动态覆盖证明）,用户可调（消费者和本case模式生效时）,当前主脚本为有效参数依据；原来源见原位置
cfg.modern_clauser.max_iterations,project/cases/per_case/tandem_f40a3_phi0_r2/tandem_f40a3_phi0_r2_case.m:116,cfg.modern_clauser.max_iterations,tandem_f40a3_phi0_r2_case.m:147,400,tblR2.mean_bl_friction -> tblR2.bl.composite_profile_fit_rodriguez_lopez（按调用组定位，非逐字段动态覆盖证明）,用户可调（消费者和本case模式生效时）,当前主脚本为有效参数依据；原来源见原位置
cfg.modern_clauser.max_function_evaluations,project/cases/per_case/tandem_f40a3_phi0_r2/tandem_f40a3_phi0_r2_case.m:117,cfg.modern_clauser.max_function_evaluations,tandem_f40a3_phi0_r2_case.m:148,1600,tblR2.mean_bl_friction -> tblR2.bl.composite_profile_fit_rodriguez_lopez（按调用组定位，非逐字段动态覆盖证明）,用户可调（消费者和本case模式生效时）,当前主脚本为有效参数依据；原来源见原位置
cfg.modern_clauser.tolerance,project/cases/per_case/tandem_f40a3_phi0_r2/tandem_f40a3_phi0_r2_case.m:118,cfg.modern_clauser.tolerance,tandem_f40a3_phi0_r2_case.m:149,1e-7,tblR2.mean_bl_friction -> tblR2.bl.composite_profile_fit_rodriguez_lopez（按调用组定位，非逐字段动态覆盖证明）,用户可调（消费者和本case模式生效时）,当前主脚本为有效参数依据；原来源见原位置
cfg.normalization,project/cases/per_case/tandem_f40a3_phi0_r2/tandem_f40a3_phi0_r2_case.m:121,cfg.normalization,tandem_f40a3_phi0_r2_case.m:152,struct(),project/lib/+tblR2/+singlecase/select_u_tau.m:5; project/lib/+tblR2/+singlecase/select_u_tau.m:6,配置容器/初值复制；请改叶字段,当前主脚本为有效参数依据；原来源见原位置
cfg.normalization.u_tau_source,project/cases/per_case/tandem_f40a3_phi0_r2/tandem_f40a3_phi0_r2_case.m:122,cfg.normalization.u_tau_source,tandem_f40a3_phi0_r2_case.m:153,'local_loglaw',project/lib/+tblR2/+singlecase/select_u_tau.m:5,用户可调（消费者和本case模式生效时）,当前主脚本为有效参数依据；原来源见原位置
cfg.normalization.baseline_u_tau,project/cases/per_case/tandem_f40a3_phi0_r2/tandem_f40a3_phi0_r2_case.m:123,cfg.normalization.baseline_u_tau,tandem_f40a3_phi0_r2_case.m:154,0.95,project/lib/+tblR2/+singlecase/select_u_tau.m:6,用户可调（消费者和本case模式生效时）,当前主脚本为有效参数依据；原来源见原位置
cfg.friction,project/cases/per_case/tandem_f40a3_phi0_r2/tandem_f40a3_phi0_r2_case.m:126,cfg.friction,tandem_f40a3_phi0_r2_case.m:157,struct(),project/lib/+tblR2/quadrant_streaming.m:5; project/lib/+tblR2/quadrant_streaming.m:6; project/lib/+tblR2/quadrant_streaming.m:7; project/lib/+tblR2/mean_bl_friction.m:69; project/lib/+tblR2/mean_bl_friction.m:70; project/lib/+tblR2/mean_bl_friction.m:73; project/lib/+tblR2/mean_bl_friction.m:75; project/lib/+tblR2/mean_bl_friction.m:125,配置容器/初值复制；请改叶字段,当前主脚本为有效参数依据；原来源见原位置
cfg.friction.enable_pressure_gradient,project/cases/per_case/tandem_f40a3_phi0_r2/tandem_f40a3_phi0_r2_case.m:127,cfg.friction.enable_pressure_gradient,tandem_f40a3_phi0_r2_case.m:158,0,project/lib/+tblR2/mean_bl_friction.m:75,用户可调（消费者和本case模式生效时）,当前主脚本为有效参数依据；原来源见原位置
cfg.friction.secant_theta_source,project/cases/per_case/tandem_f40a3_phi0_r2/tandem_f40a3_phi0_r2_case.m:128,cfg.friction.secant_theta_source,tandem_f40a3_phi0_r2_case.m:159,'p_smooth',project/lib/+tblR2/mean_bl_friction.m:69; project/lib/+tblR2/mean_bl_friction.m:164,用户可调（消费者和本case模式生效时）,当前主脚本为有效参数依据；原来源见原位置
cfg.friction.thickness_smoothing_gap_mode,project/cases/per_case/tandem_f40a3_phi0_r2/tandem_f40a3_phi0_r2_case.m:129,cfg.friction.thickness_smoothing_gap_mode,tandem_f40a3_phi0_r2_case.m:160,'separate_segments',project/lib/+tblR2/mean_bl_friction.m:70; project/lib/+tblR2/mean_bl_friction.m:141,用户可调（消费者和本case模式生效时）,当前主脚本为有效参数依据；原来源见原位置
cfg.friction.local_momentum_theta_source,project/cases/per_case/tandem_f40a3_phi0_r2/tandem_f40a3_phi0_r2_case.m:130,cfg.friction.local_momentum_theta_source,tandem_f40a3_phi0_r2_case.m:161,'shared_thickness_p_smooth',project/lib/+tblR2/mean_bl_friction.m:140,用户可调（消费者和本case模式生效时）,当前主脚本为有效参数依据；原来源见原位置
cfg.friction.rbf_epsilon_scale,project/cases/per_case/tandem_f40a3_phi0_r2/tandem_f40a3_phi0_r2_case.m:131,cfg.friction.rbf_epsilon_scale,tandem_f40a3_phi0_r2_case.m:162,1.2,project/lib/+tblR2/transport_analysis.m:14,用户可调（消费者和本case模式生效时）,当前主脚本为有效参数依据；原来源见原位置
cfg.friction.hole_thresholds,project/cases/per_case/tandem_f40a3_phi0_r2/tandem_f40a3_phi0_r2_case.m:132,cfg.friction.hole_thresholds,tandem_f40a3_phi0_r2_case.m:163,[0 1 2],project/lib/+tblR2/quadrant_streaming.m:6; project/lib/+tblR2/quadrant_streaming.m:7; project/lib/+tblR2/transport_analysis.m:26; project/lib/+tblR2/transport_analysis.m:52,用户可调（消费者和本case模式生效时）,当前主脚本为有效参数依据；原来源见原位置
cfg.friction.system_secant,project/cases/per_case/tandem_f40a3_phi0_r2/tandem_f40a3_phi0_r2_case.m:133,cfg.friction.system_secant,tandem_f40a3_phi0_r2_case.m:164,struct(),project/lib/+tblR2/mean_bl_friction.m:125; project/lib/+tblR2/mean_bl_friction.m:134,配置容器/初值复制；请改叶字段,当前主脚本为有效参数依据；原来源见原位置
cfg.friction.system_secant.upstream_mode,project/cases/per_case/tandem_f40a3_phi0_r2/tandem_f40a3_phi0_r2_case.m:134,cfg.friction.system_secant.upstream_mode,tandem_f40a3_phi0_r2_case.m:165,'range_mean',tblR2.mean_bl_friction / tblR2.wall.*；hole_thresholds 与 rbf_epsilon_scale 另由 S5 读取（按调用组定位，非逐字段动态覆盖证明）,用户可调（消费者和本case模式生效时）,当前主脚本为有效参数依据；原来源见原位置
cfg.friction.system_secant.upstream_range,project/cases/per_case/tandem_f40a3_phi0_r2/tandem_f40a3_phi0_r2_case.m:135,cfg.friction.system_secant.upstream_range,tandem_f40a3_phi0_r2_case.m:166,[80 90],tblR2.mean_bl_friction / tblR2.wall.*；hole_thresholds 与 rbf_epsilon_scale 另由 S5 读取（按调用组定位，非逐字段动态覆盖证明）,用户可调（消费者和本case模式生效时）,当前主脚本为有效参数依据；原来源见原位置
cfg.friction.system_secant.x_end,project/cases/per_case/tandem_f40a3_phi0_r2/tandem_f40a3_phi0_r2_case.m:136,cfg.friction.system_secant.x_end,tandem_f40a3_phi0_r2_case.m:167,[160 240 320],project/lib/+tblR2/mean_bl_friction.m:134,用户可调（消费者和本case模式生效时）,当前主脚本为有效参数依据；原来源见原位置
cfg.friction.momentum,project/cases/per_case/tandem_f40a3_phi0_r2/tandem_f40a3_phi0_r2_case.m:137,cfg.friction.momentum,tandem_f40a3_phi0_r2_case.m:168,struct(),project/lib/+tblR2/mean_bl_friction.m:69; project/lib/+tblR2/mean_bl_friction.m:73; project/lib/+tblR2/mean_bl_friction.m:136,配置容器/初值复制；请改叶字段,当前主脚本为有效参数依据；原来源见原位置
cfg.friction.momentum.enabled,project/cases/per_case/tandem_f40a3_phi0_r2/tandem_f40a3_phi0_r2_case.m:138,cfg.friction.momentum.enabled,tandem_f40a3_phi0_r2_case.m:169,true,tblR2.mean_bl_friction / tblR2.wall.*；hole_thresholds 与 rbf_epsilon_scale 另由 S5 读取（按调用组定位，非逐字段动态覆盖证明）,用户可调（消费者和本case模式生效时）,当前主脚本为有效参数依据；原来源见原位置
cfg.friction.momentum.Ue_pre_smooth_p,project/cases/per_case/tandem_f40a3_phi0_r2/tandem_f40a3_phi0_r2_case.m:139,cfg.friction.momentum.Ue_pre_smooth_p,tandem_f40a3_phi0_r2_case.m:170,1e-7,project/lib/+tblR2/mean_bl_friction.m:73,用户可调（消费者和本case模式生效时）,当前主脚本为有效参数依据；原来源见原位置
cfg.friction.momentum.pre_smooth_p,project/cases/per_case/tandem_f40a3_phi0_r2/tandem_f40a3_phi0_r2_case.m:140,cfg.friction.momentum.pre_smooth_p,tandem_f40a3_phi0_r2_case.m:171,1e-7,project/lib/+tblR2/mean_bl_friction.m:69,用户可调（消费者和本case模式生效时）,当前主脚本为有效参数依据；原来源见原位置
cfg.friction.momentum.consistency_warn_pct,project/cases/per_case/tandem_f40a3_phi0_r2/tandem_f40a3_phi0_r2_case.m:141,cfg.friction.momentum.consistency_warn_pct,tandem_f40a3_phi0_r2_case.m:172,10,tblR2.mean_bl_friction / tblR2.wall.*；hole_thresholds 与 rbf_epsilon_scale 另由 S5 读取（按调用组定位，非逐字段动态覆盖证明）,用户可调（消费者和本case模式生效时）,当前主脚本为有效参数依据；原来源见原位置
cfg.friction.quality,project/cases/per_case/tandem_f40a3_phi0_r2/tandem_f40a3_phi0_r2_case.m:142,cfg.friction.quality,tandem_f40a3_phi0_r2_case.m:173,struct(),project/lib/+tblR2/mean_bl_friction.m:138; project/lib/+tblR2/mean_bl_friction.m:139; project/lib/+tblR2/mean_bl_friction.m:155,配置容器/初值复制；请改叶字段,当前主脚本为有效参数依据；原来源见原位置
cfg.friction.quality.p_grid,project/cases/per_case/tandem_f40a3_phi0_r2/tandem_f40a3_phi0_r2_case.m:143,cfg.friction.quality.p_grid,tandem_f40a3_phi0_r2_case.m:174,1 - 10.^(0:-0.5:-5),tblR2.mean_bl_friction / tblR2.wall.*；hole_thresholds 与 rbf_epsilon_scale 另由 S5 读取（按调用组定位，非逐字段动态覆盖证明）,用户可调（消费者和本case模式生效时）,当前主脚本为有效参数依据；原来源见原位置
cfg.friction.quality.tolerance_pct,project/cases/per_case/tandem_f40a3_phi0_r2/tandem_f40a3_phi0_r2_case.m:144,cfg.friction.quality.tolerance_pct,tandem_f40a3_phi0_r2_case.m:175,10,tblR2.mean_bl_friction / tblR2.wall.*；hole_thresholds 与 rbf_epsilon_scale 另由 S5 读取（按调用组定位，非逐字段动态覆盖证明）,用户可调（消费者和本case模式生效时）,当前主脚本为有效参数依据；原来源见原位置
cfg.friction.quality.x_min,project/cases/per_case/tandem_f40a3_phi0_r2/tandem_f40a3_phi0_r2_case.m:145,cfg.friction.quality.x_min,tandem_f40a3_phi0_r2_case.m:176,80,project/lib/+tblR2/mean_bl_friction.m:138,用户可调（消费者和本case模式生效时）,当前主脚本为有效参数依据；原来源见原位置
cfg.friction.quality.x_max,project/cases/per_case/tandem_f40a3_phi0_r2/tandem_f40a3_phi0_r2_case.m:146,cfg.friction.quality.x_max,tandem_f40a3_phi0_r2_case.m:177,328,project/lib/+tblR2/mean_bl_friction.m:139,用户可调（消费者和本case模式生效时）,当前主脚本为有效参数依据；原来源见原位置
cfg.phase,project/cases/per_case/tandem_f40a3_phi0_r2/tandem_f40a3_phi0_r2_case.m:149,cfg.phase,tandem_f40a3_phi0_r2_case.m:180,"struct('enabled', true)",project/lib/+tblR2/structure_analysis_cache.m:380; project/lib/+tblR2/structure_analysis_cache.m:434; project/lib/+tblR2/structure_analysis_cache.m:472; project/lib/+tblR2/transport_statistics.m:98; project/lib/+tblR2/transport_statistics.m:99; project/lib/+tblR2/transport_statistics.m:100; project/lib/+tblR2/transport_statistics.m:103; project/lib/+tblR2/transport_statistics.m:105,配置容器/初值复制；请改叶字段,当前主脚本为有效参数依据；原来源见原位置
cfg.phase.f0_hz,project/cases/per_case/tandem_f40a3_phi0_r2/tandem_f40a3_phi0_r2_case.m:150,cfg.phase.f0_hz,tandem_f40a3_phi0_r2_case.m:181,40,project/lib/+tblR2/transport_statistics.m:107; project/lib/+tblR2/harmonic_analysis.m:69; project/lib/+tblR2/spod_toolbox_adapter.m:59; project/lib/+tblR2/spod_toolbox_adapter.m:61; project/lib/+tblR2/phase_stats_cache.m:58; project/lib/+tblR2/phase_stats_cache.m:289; project/lib/+tblR2/dmd_module.m:129; project/lib/+tblR2/dmd_module.m:130,用户可调（消费者和本case模式生效时）,当前主脚本为有效参数依据；原来源见原位置
cfg.phase.n_bins,project/cases/per_case/tandem_f40a3_phi0_r2/tandem_f40a3_phi0_r2_case.m:151,cfg.phase.n_bins,tandem_f40a3_phi0_r2_case.m:182,24,project/lib/+tblR2/structure_analysis_cache.m:380; project/lib/+tblR2/structure_analysis_cache.m:434; project/lib/+tblR2/structure_analysis_cache.m:472; project/lib/+tblR2/transport_statistics.m:103; project/lib/+tblR2/transport_analysis.m:38; project/lib/+tblR2/phase_stats_cache.m:36; project/lib/+tblR2/phase_stats_cache.m:293,用户可调（消费者和本case模式生效时）,当前主脚本为有效参数依据；原来源见原位置
cfg.phase.phi0_user_deg,project/cases/per_case/tandem_f40a3_phi0_r2/tandem_f40a3_phi0_r2_case.m:152,cfg.phase.phi0_user_deg,tandem_f40a3_phi0_r2_case.m:183,[],project/lib/+tblR2/harmonic_analysis.m:41; project/lib/+tblR2/harmonic_analysis.m:44; project/lib/+tblR2/harmonic_analysis.m:47; project/lib/+tblR2/phase_stats_cache.m:58,用户可调（消费者和本case模式生效时）,当前主脚本为有效参数依据；原来源见原位置
cfg.phase.minimum_samples_per_bin,project/cases/per_case/tandem_f40a3_phi0_r2/tandem_f40a3_phi0_r2_case.m:153,cfg.phase.minimum_samples_per_bin,tandem_f40a3_phi0_r2_case.m:184,20,project/lib/+tblR2/transport_statistics.m:105; project/lib/+tblR2/phase_stats_cache.m:113; project/lib/+tblR2/phase_stats_cache.m:130; project/lib/+tblR2/phase_stats_cache.m:299,用户可调（消费者和本case模式生效时）,当前主脚本为有效参数依据；原来源见原位置
cfg.phase_preview,project/cases/per_case/tandem_f40a3_phi0_r2/tandem_f40a3_phi0_r2_case.m:158,cfg.phase_preview,tandem_f40a3_phi0_r2_case.m:189,struct(),主脚本 Section 3 实际预览块 / tblR2.plot_phase_averaged_maps（按调用组定位，非逐字段动态覆盖证明）,配置容器/初值复制；请改叶字段,当前主脚本为有效参数依据；原来源见原位置
cfg.phase_preview.profile_x_range_mm,project/cases/per_case/tandem_f40a3_phi0_r2/tandem_f40a3_phi0_r2_case.m:159,cfg.phase_preview.profile_x_range_mm,tandem_f40a3_phi0_r2_case.m:190,[80 320],主脚本 Section 3 实际预览块 / tblR2.plot_phase_averaged_maps（按调用组定位，非逐字段动态覆盖证明）,用户可调（消费者和本case模式生效时）,当前主脚本为有效参数依据；原来源见原位置
cfg.phase_preview.contour_x_range_mm,project/cases/per_case/tandem_f40a3_phi0_r2/tandem_f40a3_phi0_r2_case.m:160,cfg.phase_preview.contour_x_range_mm,tandem_f40a3_phi0_r2_case.m:191,[80 320],主脚本 Section 3 实际预览块 / tblR2.plot_phase_averaged_maps（按调用组定位，非逐字段动态覆盖证明）,用户可调（消费者和本case模式生效时）,当前主脚本为有效参数依据；原来源见原位置
cfg.phase_preview.marker_stride,project/cases/per_case/tandem_f40a3_phi0_r2/tandem_f40a3_phi0_r2_case.m:163,cfg.phase_preview.marker_stride,tandem_f40a3_phi0_r2_case.m:195,1,主脚本 Section 3 实际预览块 / tblR2.plot_phase_averaged_maps（按调用组定位，非逐字段动态覆盖证明）,用户可调（消费者和本case模式生效时）,当前主脚本为有效参数依据；原来源见原位置
cfg.phase_preview.profile_source,project/cases/per_case/tandem_f40a3_phi0_r2/tandem_f40a3_phi0_r2_case.m:168,固定/移除无效入口,主脚本 Section 0 说明,保留原相位来源；原 profile_source 字段无消费者,主脚本 Section 3 实际预览块 / tblR2.plot_phase_averaged_maps（按调用组定位，非逐字段动态覆盖证明）,否,不激活旧无效字段；S4旧 summary 的 ocean 为遗留元数据，非真实色图
cfg.phase_preview.contour_source,project/cases/per_case/tandem_f40a3_phi0_r2/tandem_f40a3_phi0_r2_case.m:169,cfg.phase_preview.contour_source,tandem_f40a3_phi0_r2_case.m:201,'postproc',主脚本 Section 3 实际预览块 / tblR2.plot_phase_averaged_maps（按调用组定位，非逐字段动态覆盖证明）,用户可调（消费者和本case模式生效时）,当前主脚本为有效参数依据；原来源见原位置
cfg.instantaneous,project/cases/per_case/tandem_f40a3_phi0_r2/tandem_f40a3_phi0_r2_case.m:172,cfg.instantaneous,tandem_f40a3_phi0_r2_case.m:204,struct(),project/lib/+tblR2/structure_analysis_cache.m:28; project/lib/+tblR2/structure_analysis_cache.m:231; project/lib/+tblR2/cluster_pod_reconstruction.m:170; project/lib/+tblR2/cluster_pod_reconstruction.m:171; project/lib/+tblR2/cluster_pod_reconstruction.m:174; project/lib/+tblR2/cluster_raw_sequence.m:102; project/lib/+tblR2/cluster_raw_sequence.m:103; project/lib/+tblR2/cluster_raw_sequence.m:106,配置容器/初值复制；请改叶字段,当前主脚本为有效参数依据；原来源见原位置
cfg.instantaneous.n_output_frames,project/cases/per_case/tandem_f40a3_phi0_r2/tandem_f40a3_phi0_r2_case.m:173,cfg.instantaneous.n_output_frames,tandem_f40a3_phi0_r2_case.m:205,3,project/lib/+tblR2/cluster_pod_reconstruction.m:174; project/lib/+tblR2/cluster_raw_sequence.m:106,用户可调（消费者和本case模式生效时）,当前主脚本为有效参数依据；原来源见原位置
cfg.instantaneous.frame_ids,project/cases/per_case/tandem_f40a3_phi0_r2/tandem_f40a3_phi0_r2_case.m:174,cfg.instantaneous.frame_ids,tandem_f40a3_phi0_r2_case.m:206,[1 cfg.total_frames],project/lib/+tblR2/structure_analysis_cache.m:231; project/lib/+tblR2/cluster_pod_reconstruction.m:171; project/lib/+tblR2/cluster_raw_sequence.m:103,用户可调（消费者和本case模式生效时）,当前主脚本为有效参数依据；原来源见原位置
cfg.structures,project/cases/per_case/tandem_f40a3_phi0_r2/tandem_f40a3_phi0_r2_case.m:176,cfg.structures,tandem_f40a3_phi0_r2_case.m:208,struct(),project/lib/+tblR2/plot_structure_preview.m:21; project/lib/+tblR2/structure_analysis_cache.m:14; project/lib/+tblR2/structure_analysis_cache.m:15; project/lib/+tblR2/structure_analysis_cache.m:16; project/lib/+tblR2/structure_analysis_cache.m:29; project/lib/+tblR2/structure_analysis_cache.m:33; project/lib/+tblR2/structure_analysis_cache.m:34; project/lib/+tblR2/structure_analysis_cache.m:37,配置容器/初值复制；请改叶字段,当前主脚本为有效参数依据；原来源见原位置
cfg.structures.source_mode,project/cases/per_case/tandem_f40a3_phi0_r2/tandem_f40a3_phi0_r2_case.m:178,cfg.structures.section4.source_mode,tandem_f40a3_phi0_r2_case.m:211,'pod_e50',project/lib/+tblR2/section4_vlsm_analysis.m:204,用户可调（消费者和本case模式生效时）,删除顶层重复定义，以原真实消费者取值的嵌套字段为唯一入口
cfg.structures.connectivities,project/cases/per_case/tandem_f40a3_phi0_r2/tandem_f40a3_phi0_r2_case.m:179,cfg.structures.section4.connectivities,tandem_f40a3_phi0_r2_case.m:212,[8 4],tblR2.section4_vlsm_analysis -> make_d23_config / resolve_section4_config（按调用组定位，非逐字段动态覆盖证明）,用户可调（消费者和本case模式生效时）,删除顶层重复定义，以原真实消费者取值的嵌套字段为唯一入口
cfg.structures.primary_connectivity,project/cases/per_case/tandem_f40a3_phi0_r2/tandem_f40a3_phi0_r2_case.m:180,cfg.structures.section4.primary_connectivity,tandem_f40a3_phi0_r2_case.m:213,8,tblR2.section4_vlsm_analysis -> make_d23_config / resolve_section4_config（按调用组定位，非逐字段动态覆盖证明）,用户可调（消费者和本case模式生效时）,删除顶层重复定义，以原真实消费者取值的嵌套字段为唯一入口
cfg.structures.length_thresholds,project/cases/per_case/tandem_f40a3_phi0_r2/tandem_f40a3_phi0_r2_case.m:181,cfg.structures.section4.length_thresholds,tandem_f40a3_phi0_r2_case.m:217,[3 3.8 4.5],tblR2.section4_vlsm_analysis -> make_d23_config / resolve_section4_config（按调用组定位，非逐字段动态覆盖证明）,用户可调（消费者和本case模式生效时）,删除顶层重复定义，以原真实消费者取值的嵌套字段为唯一入口
cfg.structures.max_complete_ss_per_sign,project/cases/per_case/tandem_f40a3_phi0_r2/tandem_f40a3_phi0_r2_case.m:182,cfg.structures.section4.max_complete_ss_per_sign,tandem_f40a3_phi0_r2_case.m:218,Inf,tblR2.section4_vlsm_analysis -> make_d23_config / resolve_section4_config（按调用组定位，非逐字段动态覆盖证明）,用户可调（消费者和本case模式生效时）,删除顶层重复定义，以原真实消费者取值的嵌套字段为唯一入口
cfg.structures.plot_colormap,project/cases/per_case/tandem_f40a3_phi0_r2/tandem_f40a3_phi0_r2_case.m:183,固定/移除无效入口,主脚本 Section 0 说明,S4 实际 balance(257),tblR2.section4_vlsm_analysis -> make_d23_config / resolve_section4_config（按调用组定位，非逐字段动态覆盖证明）,否,不激活旧无效字段；S4旧 summary 的 ocean 为遗留元数据，非真实色图
cfg.structures.plot_normalization,project/cases/per_case/tandem_f40a3_phi0_r2/tandem_f40a3_phi0_r2_case.m:184,cfg.structures.section4.plot_normalization,tandem_f40a3_phi0_r2_case.m:220,'u_over_Uinf',tblR2.section4_vlsm_analysis -> make_d23_config / resolve_section4_config（按调用组定位，非逐字段动态覆盖证明）,用户可调（消费者和本case模式生效时）,删除顶层重复定义，以原真实消费者取值的嵌套字段为唯一入口
cfg.structures.section4,project/cases/per_case/tandem_f40a3_phi0_r2/tandem_f40a3_phi0_r2_case.m:185,cfg.structures.section4,tandem_f40a3_phi0_r2_case.m:210,struct(),project/lib/+tblR2/section4_vlsm_analysis.m:199; project/lib/+tblR2/section4_vlsm_analysis.m:200,配置容器/初值复制；请改叶字段,当前主脚本为有效参数依据；原来源见原位置
cfg.structures.section4.source_mode,project/cases/per_case/tandem_f40a3_phi0_r2/tandem_f40a3_phi0_r2_case.m:186,cfg.structures.section4.source_mode,tandem_f40a3_phi0_r2_case.m:211,'pod_e50',tblR2.section4_vlsm_analysis -> make_d23_config / resolve_section4_config（按调用组定位，非逐字段动态覆盖证明）,用户可调（消费者和本case模式生效时）,当前主脚本为有效参数依据；原来源见原位置
cfg.structures.section4.connectivities,project/cases/per_case/tandem_f40a3_phi0_r2/tandem_f40a3_phi0_r2_case.m:187,cfg.structures.section4.connectivities,tandem_f40a3_phi0_r2_case.m:212,[8 4],tblR2.section4_vlsm_analysis -> make_d23_config / resolve_section4_config（按调用组定位，非逐字段动态覆盖证明）,用户可调（消费者和本case模式生效时）,当前主脚本为有效参数依据；原来源见原位置
cfg.structures.section4.primary_connectivity,project/cases/per_case/tandem_f40a3_phi0_r2/tandem_f40a3_phi0_r2_case.m:188,cfg.structures.section4.primary_connectivity,tandem_f40a3_phi0_r2_case.m:213,8,tblR2.section4_vlsm_analysis -> make_d23_config / resolve_section4_config（按调用组定位，非逐字段动态覆盖证明）,用户可调（消费者和本case模式生效时）,当前主脚本为有效参数依据；原来源见原位置
cfg.structures.section4.figure_connectivity,project/cases/per_case/tandem_f40a3_phi0_r2/tandem_f40a3_phi0_r2_case.m:191,cfg.structures.section4.figure_connectivity,tandem_f40a3_phi0_r2_case.m:216,8,tblR2.section4_vlsm_analysis -> make_d23_config / resolve_section4_config（按调用组定位，非逐字段动态覆盖证明）,用户可调（消费者和本case模式生效时）,当前主脚本为有效参数依据；原来源见原位置
cfg.structures.section4.length_thresholds,project/cases/per_case/tandem_f40a3_phi0_r2/tandem_f40a3_phi0_r2_case.m:192,cfg.structures.section4.length_thresholds,tandem_f40a3_phi0_r2_case.m:217,[3 3.8 4.5],tblR2.section4_vlsm_analysis -> make_d23_config / resolve_section4_config（按调用组定位，非逐字段动态覆盖证明）,用户可调（消费者和本case模式生效时）,当前主脚本为有效参数依据；原来源见原位置
cfg.structures.section4.max_complete_ss_per_sign,project/cases/per_case/tandem_f40a3_phi0_r2/tandem_f40a3_phi0_r2_case.m:193,cfg.structures.section4.max_complete_ss_per_sign,tandem_f40a3_phi0_r2_case.m:218,Inf,tblR2.section4_vlsm_analysis -> make_d23_config / resolve_section4_config（按调用组定位，非逐字段动态覆盖证明）,用户可调（消费者和本case模式生效时）,当前主脚本为有效参数依据；原来源见原位置
cfg.structures.section4.plot_colormap,project/cases/per_case/tandem_f40a3_phi0_r2/tandem_f40a3_phi0_r2_case.m:194,固定/移除无效入口,主脚本 Section 0 说明,S4 实际 balance(257),tblR2.section4_vlsm_analysis -> make_d23_config / resolve_section4_config（按调用组定位，非逐字段动态覆盖证明）,否,不激活旧无效字段；S4旧 summary 的 ocean 为遗留元数据，非真实色图
cfg.structures.section4.plot_normalization,project/cases/per_case/tandem_f40a3_phi0_r2/tandem_f40a3_phi0_r2_case.m:195,cfg.structures.section4.plot_normalization,tandem_f40a3_phi0_r2_case.m:220,'u_over_Uinf',tblR2.section4_vlsm_analysis -> make_d23_config / resolve_section4_config（按调用组定位，非逐字段动态覆盖证明）,用户可调（消费者和本case模式生效时）,当前主脚本为有效参数依据；原来源见原位置
cfg.structures.section4.make_figures,project/cases/per_case/tandem_f40a3_phi0_r2/tandem_f40a3_phi0_r2_case.m:196,cfg.structures.section4.make_figures,tandem_f40a3_phi0_r2_case.m:221,true,tblR2.section4_vlsm_analysis -> make_d23_config / resolve_section4_config（按调用组定位，非逐字段动态覆盖证明）,用户可调（消费者和本case模式生效时）,当前主脚本为有效参数依据；原来源见原位置
cfg.structures.section4.write_catalog_csv,project/cases/per_case/tandem_f40a3_phi0_r2/tandem_f40a3_phi0_r2_case.m:197,cfg.structures.section4.write_catalog_csv,tandem_f40a3_phi0_r2_case.m:222,true,tblR2.section4_vlsm_analysis -> make_d23_config / resolve_section4_config（按调用组定位，非逐字段动态覆盖证明）,用户可调（消费者和本case模式生效时）,当前主脚本为有效参数依据；原来源见原位置
cfg.structures.section4.max_figure_objects,project/cases/per_case/tandem_f40a3_phi0_r2/tandem_f40a3_phi0_r2_case.m:198,cfg.structures.section4.max_figure_objects,tandem_f40a3_phi0_r2_case.m:223,Inf,tblR2.section4_vlsm_analysis -> make_d23_config / resolve_section4_config（按调用组定位，非逐字段动态覆盖证明）,用户可调（消费者和本case模式生效时）,当前主脚本为有效参数依据；原来源见原位置
cfg.structures.section4.resume_run_dir,project/cases/per_case/tandem_f40a3_phi0_r2/tandem_f40a3_phi0_r2_case.m:199,cfg.structures.section4.resume_run_dir,tandem_f40a3_phi0_r2_case.m:224,'',tblR2.section4_vlsm_analysis -> make_d23_config / resolve_section4_config（按调用组定位，非逐字段动态覆盖证明）,用户可调（消费者和本case模式生效时）,当前主脚本为有效参数依据；原来源见原位置
cfg.structures.section4.frame_ordinals,project/cases/per_case/tandem_f40a3_phi0_r2/tandem_f40a3_phi0_r2_case.m:200,cfg.structures.section4.frame_ordinals,tandem_f40a3_phi0_r2_case.m:225,[],tblR2.section4_vlsm_analysis -> make_d23_config / resolve_section4_config（按调用组定位，非逐字段动态覆盖证明）,用户可调（消费者和本case模式生效时）,当前主脚本为有效参数依据；原来源见原位置
cfg.structures.section4.reuse_existing_run,project/cases/per_case/tandem_f40a3_phi0_r2/tandem_f40a3_phi0_r2_case.m:201,cfg.structures.section4.reuse_existing_run,tandem_f40a3_phi0_r2_case.m:226,true,tblR2.section4_vlsm_analysis -> make_d23_config / resolve_section4_config（按调用组定位，非逐字段动态覆盖证明）,用户可调（消费者和本case模式生效时）,当前主脚本为有效参数依据；原来源见原位置
cfg.structures.section4.spatial_exclusion,project/cases/per_case/tandem_f40a3_phi0_r2/tandem_f40a3_phi0_r2_case.m:203,cfg.structures.section4.spatial_exclusion,tandem_f40a3_phi0_r2_case.m:228,"struct( ...
    'enabled', true, 'x_start_mm', 0, 'x_end_mm', 80, ...
    'wall_y_height_mm', 4)",tblR2.section4_vlsm_analysis -> make_d23_config / resolve_section4_config（按调用组定位，非逐字段动态覆盖证明）,配置容器/初值复制；请改叶字段,当前主脚本为有效参数依据；原来源见原位置
cfg.structures.section4.streamwise_edge_exclusion,project/cases/per_case/tandem_f40a3_phi0_r2/tandem_f40a3_phi0_r2_case.m:209,cfg.structures.section4.streamwise_edge_exclusion,tandem_f40a3_phi0_r2_case.m:234,"struct( ...
    'enabled', false, 'buffer_cells', 3)",tblR2.section4_vlsm_analysis -> make_d23_config / resolve_section4_config（按调用组定位，非逐字段动态覆盖证明）,配置容器/初值复制；请改叶字段,当前主脚本为有效参数依据；原来源见原位置
cfg.structures.section4.pod,project/cases/per_case/tandem_f40a3_phi0_r2/tandem_f40a3_phi0_r2_case.m:211,cfg.structures.section4.pod,tandem_f40a3_phi0_r2_case.m:239,struct(),tblR2.section4_vlsm_analysis -> make_d23_config / resolve_section4_config（按调用组定位，非逐字段动态覆盖证明）,配置容器/初值复制；请改叶字段,当前主脚本为有效参数依据；原来源见原位置
cfg.structures.section4.pod.min_valid_fraction,project/cases/per_case/tandem_f40a3_phi0_r2/tandem_f40a3_phi0_r2_case.m:212,cfg.structures.section4.pod.min_valid_fraction,tandem_f40a3_phi0_r2_case.m:242,1.0,tblR2.section4_vlsm_analysis -> make_d23_config / resolve_section4_config（按调用组定位，非逐字段动态覆盖证明）,用户可调（消费者和本case模式生效时）,当前主脚本为有效参数依据；原来源见原位置
cfg.structures.section4.pod.rank,project/cases/per_case/tandem_f40a3_phi0_r2/tandem_f40a3_phi0_r2_case.m:213,cfg.structures.section4.pod.rank,tandem_f40a3_phi0_r2_case.m:243,"struct('kind','energy_fraction','value',0.50)",tblR2.section4_vlsm_analysis -> make_d23_config / resolve_section4_config（按调用组定位，非逐字段动态覆盖证明）,配置容器/初值复制；请改叶字段,当前主脚本为有效参数依据；原来源见原位置
cfg.structures.alpha,project/cases/per_case/tandem_f40a3_phi0_r2/tandem_f40a3_phi0_r2_case.m:214,cfg.structures.alpha,tandem_f40a3_phi0_r2_case.m:244,1.0,tblR2.section4_vlsm_analysis -> make_d23_config / resolve_section4_config（按调用组定位，非逐字段动态覆盖证明）,用户可调（消费者和本case模式生效时）,当前主脚本为有效参数依据；原来源见原位置
cfg.structures.seed_alpha,project/cases/per_case/tandem_f40a3_phi0_r2/tandem_f40a3_phi0_r2_case.m:215,cfg.structures.seed_alpha,tandem_f40a3_phi0_r2_case.m:245,1.0,tblR2.section4_vlsm_analysis -> make_d23_config / resolve_section4_config（按调用组定位，非逐字段动态覆盖证明）,用户可调（消费者和本case模式生效时）,当前主脚本为有效参数依据；原来源见原位置
cfg.structures.min_pixels,project/cases/per_case/tandem_f40a3_phi0_r2/tandem_f40a3_phi0_r2_case.m:216,cfg.structures.min_pixels,tandem_f40a3_phi0_r2_case.m:246,1,tblR2.section4_vlsm_analysis -> make_d23_config / resolve_section4_config（按调用组定位，非逐字段动态覆盖证明）,用户可调（消费者和本case模式生效时）,当前主脚本为有效参数依据；原来源见原位置
cfg.structures.connectivity,project/cases/per_case/tandem_f40a3_phi0_r2/tandem_f40a3_phi0_r2_case.m:217,cfg.structures.connectivity,tandem_f40a3_phi0_r2_case.m:247,8,tblR2.section4_vlsm_analysis -> make_d23_config / resolve_section4_config（按调用组定位，非逐字段动态覆盖证明）,用户可调（消费者和本case模式生效时）,当前主脚本为有效参数依据；原来源见原位置
cfg.structures.min_lsm_delta,project/cases/per_case/tandem_f40a3_phi0_r2/tandem_f40a3_phi0_r2_case.m:218,cfg.structures.min_lsm_delta,tandem_f40a3_phi0_r2_case.m:248,1.0,tblR2.section4_vlsm_analysis -> make_d23_config / resolve_section4_config（按调用组定位，非逐字段动态覆盖证明）,用户可调（消费者和本case模式生效时）,当前主脚本为有效参数依据；原来源见原位置
cfg.structures.min_vlsm_delta,project/cases/per_case/tandem_f40a3_phi0_r2/tandem_f40a3_phi0_r2_case.m:219,cfg.structures.min_vlsm_delta,tandem_f40a3_phi0_r2_case.m:249,3.0,tblR2.section4_vlsm_analysis -> make_d23_config / resolve_section4_config（按调用组定位，非逐字段动态覆盖证明）,用户可调（消费者和本case模式生效时）,当前主脚本为有效参数依据；原来源见原位置
cfg.structures.catalog_frame_stride,project/cases/per_case/tandem_f40a3_phi0_r2/tandem_f40a3_phi0_r2_case.m:220,cfg.structures.catalog_frame_stride,tandem_f40a3_phi0_r2_case.m:250,1,project/lib/+tblR2/structure_analysis_cache.m:29,用户可调（消费者和本case模式生效时）,当前主脚本为有效参数依据；原来源见原位置
cfg.structures.preprocessing,project/cases/per_case/tandem_f40a3_phi0_r2/tandem_f40a3_phi0_r2_case.m:222,cfg.structures.preprocessing,tandem_f40a3_phi0_r2_case.m:252,"struct('enabled',false,'name','none', ...
    'gaussian',struct('enabled',false,'sigma_cells',[]))",project/lib/+tblR2/gaussian_pod_sequence.m:20,配置容器/初值复制；请改叶字段,当前主脚本为有效参数依据；原来源见原位置
cfg.transport,project/cases/per_case/tandem_f40a3_phi0_r2/tandem_f40a3_phi0_r2_case.m:226,cfg.transport,tandem_f40a3_phi0_r2_case.m:256,struct(),project/lib/+tblR2/quadrant_streaming.m:19; project/lib/+tblR2/quadrant_streaming.m:20; project/lib/+tblR2/transport_statistics.m:10; project/lib/+tblR2/transport_statistics.m:38; project/lib/+tblR2/section5_run.m:6; project/lib/+tblR2/section5_run.m:7; project/lib/+tblR2/section5_run.m:8; project/lib/+tblR2/section5_run.m:9,配置容器/初值复制；请改叶字段,当前主脚本为有效参数依据；原来源见原位置
cfg.transport.source,project/cases/per_case/tandem_f40a3_phi0_r2/tandem_f40a3_phi0_r2_case.m:227,cfg.transport.source,tandem_f40a3_phi0_r2_case.m:257,'raw',project/lib/+tblR2/transport_statistics.m:38; project/lib/+tblR2/section5_run.m:7; project/lib/+tblR2/section5_run.m:20,用户可调（消费者和本case模式生效时）,当前主脚本为有效参数依据；原来源见原位置
cfg.transport.frame_mode,project/cases/per_case/tandem_f40a3_phi0_r2/tandem_f40a3_phi0_r2_case.m:228,cfg.transport.frame_mode,tandem_f40a3_phi0_r2_case.m:259,'all',tblR2.section5_run -> transport_statistics / quadrant_streaming / transport_figures（按调用组定位，非逐字段动态覆盖证明）,用户可调（消费者和本case模式生效时）,当前主脚本为有效参数依据；原来源见原位置
cfg.transport.profile_x_range_mm,project/cases/per_case/tandem_f40a3_phi0_r2/tandem_f40a3_phi0_r2_case.m:229,cfg.transport.profile_x_range_mm,tandem_f40a3_phi0_r2_case.m:260,[80 320],project/lib/+tblR2/transport_figures.m:26,用户可调（消费者和本case模式生效时）,当前主脚本为有效参数依据；原来源见原位置
cfg.transport.edge_buffer_cells,project/cases/per_case/tandem_f40a3_phi0_r2/tandem_f40a3_phi0_r2_case.m:230,cfg.transport.edge_buffer_cells,tandem_f40a3_phi0_r2_case.m:261,[2 16],project/lib/+tblR2/section5_run.m:15,用户可调（消费者和本case模式生效时）,当前主脚本为有效参数依据；原来源见原位置
cfg.temporal,project/cases/per_case/tandem_f40a3_phi0_r2/tandem_f40a3_phi0_r2_case.m:233,cfg.temporal,tandem_f40a3_phi0_r2_case.m:264,struct(),project/lib/+tblR2/temporal_spectra_cache.m:35; project/lib/+tblR2/temporal_spectra_cache.m:36; project/lib/+tblR2/temporal_spectra_cache.m:39; project/lib/+tblR2/temporal_spectra_cache.m:43; project/lib/+tblR2/temporal_spectra_cache.m:45; project/lib/+tblR2/temporal_spectra_cache.m:48; project/lib/+tblR2/temporal_spectra_cache.m:49; project/lib/+tblR2/temporal_spectra_cache.m:73,配置容器/初值复制；请改叶字段,当前主脚本为有效参数依据；原来源见原位置
cfg.temporal.x_interval_mm,project/cases/per_case/tandem_f40a3_phi0_r2/tandem_f40a3_phi0_r2_case.m:234,cfg.temporal.x_interval_mm,tandem_f40a3_phi0_r2_case.m:265,[3 327],project/lib/+tblR2/temporal_spectra_cache.m:35; project/lib/+tblR2/temporal_spectra_cache.m:36; project/lib/+tblR2/temporal_spectra_cache.m:39,用户可调（消费者和本case模式生效时）,当前主脚本为有效参数依据；原来源见原位置
cfg.temporal.nfft,project/cases/per_case/tandem_f40a3_phi0_r2/tandem_f40a3_phi0_r2_case.m:235,cfg.temporal.nfft,tandem_f40a3_phi0_r2_case.m:266,512,project/lib/+tblR2/temporal_spectra_cache.m:43; project/lib/+tblR2/correlation_analysis_cache.m:61; project/lib/+tblR2/correlation_analysis_cache.m:345,用户可调（消费者和本case模式生效时）,当前主脚本为有效参数依据；原来源见原位置
cfg.temporal.overlap_fraction,project/cases/per_case/tandem_f40a3_phi0_r2/tandem_f40a3_phi0_r2_case.m:236,cfg.temporal.overlap_fraction,tandem_f40a3_phi0_r2_case.m:267,0.50,project/lib/+tblR2/temporal_spectra_cache.m:45; project/lib/+tblR2/correlation_analysis_cache.m:63; project/lib/+tblR2/correlation_analysis_cache.m:357,用户可调（消费者和本case模式生效时）,当前主脚本为有效参数依据；原来源见原位置
cfg.temporal.frequency_band_hz,project/cases/per_case/tandem_f40a3_phi0_r2/tandem_f40a3_phi0_r2_case.m:237,cfg.temporal.frequency_band_hz,tandem_f40a3_phi0_r2_case.m:268,[2 430],project/lib/+tblR2/temporal_spectra_cache.m:48; project/lib/+tblR2/temporal_spectra_cache.m:49,用户可调（消费者和本case模式生效时）,当前主脚本为有效参数依据；原来源见原位置
cfg.temporal.min_valid_fraction,project/cases/per_case/tandem_f40a3_phi0_r2/tandem_f40a3_phi0_r2_case.m:238,cfg.temporal.min_valid_fraction,tandem_f40a3_phi0_r2_case.m:269,0.90,project/lib/+tblR2/temporal_spectra_cache.m:73; project/lib/+tblR2/temporal_spectra_cache.m:120,用户可调（消费者和本case模式生效时）,当前主脚本为有效参数依据；原来源见原位置
cfg.temporal.Uc,project/cases/per_case/tandem_f40a3_phi0_r2/tandem_f40a3_phi0_r2_case.m:239,cfg.temporal.Uc,tandem_f40a3_phi0_r2_case.m:270,struct(),project/lib/+tblR2/temporal_spectra_cache.m:88; project/lib/+tblR2/temporal_spectra_cache.m:89; project/lib/+tblR2/temporal_spectra_cache.m:91; project/lib/+tblR2/temporal_spectra_cache.m:119,配置容器/初值复制；请改叶字段,当前主脚本为有效参数依据；原来源见原位置
cfg.temporal.Uc.method,project/cases/per_case/tandem_f40a3_phi0_r2/tandem_f40a3_phi0_r2_case.m:240,cfg.temporal.Uc.method,tandem_f40a3_phi0_r2_case.m:271,'profile_fraction',project/lib/+tblR2/temporal_spectra_cache.m:119,用户可调（消费者和本case模式生效时）,当前主脚本为有效参数依据；原来源见原位置
cfg.temporal.Uc.fraction,project/cases/per_case/tandem_f40a3_phi0_r2/tandem_f40a3_phi0_r2_case.m:241,cfg.temporal.Uc.fraction,tandem_f40a3_phi0_r2_case.m:272,0.80,project/lib/+tblR2/temporal_spectra_cache.m:88,用户可调（消费者和本case模式生效时）,当前主脚本为有效参数依据；原来源见原位置
cfg.temporal.Uc.nearwall_n,project/cases/per_case/tandem_f40a3_phi0_r2/tandem_f40a3_phi0_r2_case.m:242,cfg.temporal.Uc.nearwall_n,tandem_f40a3_phi0_r2_case.m:273,0,project/lib/+tblR2/temporal_spectra_cache.m:89,用户可调（消费者和本case模式生效时）,当前主脚本为有效参数依据；原来源见原位置
cfg.temporal.Uc.nearwall_plus,project/cases/per_case/tandem_f40a3_phi0_r2/tandem_f40a3_phi0_r2_case.m:243,cfg.temporal.Uc.nearwall_plus,tandem_f40a3_phi0_r2_case.m:274,10.8,project/lib/+tblR2/temporal_spectra_cache.m:91,用户可调（消费者和本case模式生效时）,当前主脚本为有效参数依据；原来源见原位置
cfg.spatial,project/cases/per_case/tandem_f40a3_phi0_r2/tandem_f40a3_phi0_r2_case.m:244,cfg.spatial,tandem_f40a3_phi0_r2_case.m:275,struct(),project/lib/+tblR2/spatial_spectra_cache.m:29; project/lib/+tblR2/spatial_spectra_cache.m:31; project/lib/+tblR2/spatial_spectra_cache.m:32; project/lib/+tblR2/spatial_spectra_cache.m:33; project/lib/+tblR2/spatial_spectra_cache.m:39; project/lib/+tblR2/spatial_spectra_cache.m:42; project/lib/+tblR2/spatial_spectra_cache.m:43; project/lib/+tblR2/spatial_spectra_cache.m:44,配置容器/初值复制；请改叶字段,当前主脚本为有效参数依据；原来源见原位置
cfg.spatial.windows_mm,project/cases/per_case/tandem_f40a3_phi0_r2/tandem_f40a3_phi0_r2_case.m:245,cfg.spatial.windows_mm,tandem_f40a3_phi0_r2_case.m:276,[3 327],project/lib/+tblR2/spatial_spectra_cache.m:29,用户可调（消费者和本case模式生效时）,当前主脚本为有效参数依据；原来源见原位置
cfg.spatial.selected_y_plus,project/cases/per_case/tandem_f40a3_phi0_r2/tandem_f40a3_phi0_r2_case.m:246,cfg.spatial.selected_y_plus,tandem_f40a3_phi0_r2_case.m:277,[100 200 400 800],project/lib/+tblR2/spatial_spectra_cache.m:165; project/lib/+tblR2/spatial_spectra_cache.m:169; project/lib/+tblR2/spatial_spectra_cache.m:172; project/lib/+tblR2/spatial_spectra_cache.m:173; project/lib/+tblR2/spatial_spectra_cache.m:205; project/lib/+tblR2/streamwise_development_analysis.m:118,用户可调（消费者和本case模式生效时）,当前主脚本为有效参数依据；原来源见原位置
cfg.spatial.min_valid_fraction,project/cases/per_case/tandem_f40a3_phi0_r2/tandem_f40a3_phi0_r2_case.m:247,cfg.spatial.min_valid_fraction,tandem_f40a3_phi0_r2_case.m:278,0.90,project/lib/+tblR2/spatial_spectra_cache.m:115,用户可调（消费者和本case模式生效时）,当前主脚本为有效参数依据；原来源见原位置
cfg.spatial.skip_nearwall_rows,project/cases/per_case/tandem_f40a3_phi0_r2/tandem_f40a3_phi0_r2_case.m:248,cfg.spatial.skip_nearwall_rows,tandem_f40a3_phi0_r2_case.m:279,2,project/lib/+tblR2/spatial_spectra_cache.m:32; project/lib/+tblR2/spatial_spectra_cache.m:33; project/lib/+tblR2/spatial_spectra_cache.m:39,用户可调（消费者和本case模式生效时）,当前主脚本为有效参数依据；原来源见原位置
cfg.spatial.skip_fov_top_rows,project/cases/per_case/tandem_f40a3_phi0_r2/tandem_f40a3_phi0_r2_case.m:249,cfg.spatial.skip_fov_top_rows,tandem_f40a3_phi0_r2_case.m:280,3,project/lib/+tblR2/spatial_spectra_cache.m:43; project/lib/+tblR2/spatial_spectra_cache.m:44; project/lib/+tblR2/spatial_spectra_cache.m:50,用户可调（消费者和本case模式生效时）,当前主脚本为有效参数依据；原来源见原位置
cfg.pod,project/cases/per_case/tandem_f40a3_phi0_r2/tandem_f40a3_phi0_r2_case.m:252,cfg.pod,tandem_f40a3_phi0_r2_case.m:283,struct(),project/lib/+tblR2/pod_cache.m:18; project/lib/+tblR2/pod_cache.m:19; project/lib/+tblR2/pod_cache.m:66; project/lib/+tblR2/pod_cache.m:67; project/lib/+tblR2/pod_cache.m:68; project/lib/+tblR2/pod_cache.m:69; project/lib/+tblR2/pod_reconstruction.m:42; project/lib/+tblR2/section4_vlsm_analysis.m:257,配置容器/初值复制；请改叶字段,当前主脚本为有效参数依据；原来源见原位置
cfg.pod.n_modes,project/cases/per_case/tandem_f40a3_phi0_r2/tandem_f40a3_phi0_r2_case.m:253,cfg.pod.n_modes,tandem_f40a3_phi0_r2_case.m:284,20,project/lib/+tblR2/pod_cache.m:19,用户可调（消费者和本case模式生效时）,当前主脚本为有效参数依据；原来源见原位置
cfg.pod.frame_stride,project/cases/per_case/tandem_f40a3_phi0_r2/tandem_f40a3_phi0_r2_case.m:254,cfg.pod.frame_stride,tandem_f40a3_phi0_r2_case.m:285,1,tblR2.pod_module（按调用组定位，非逐字段动态覆盖证明）,用户可调（消费者和本case模式生效时）,当前主脚本为有效参数依据；原来源见原位置
cfg.pod.spatial_stride,project/cases/per_case/tandem_f40a3_phi0_r2/tandem_f40a3_phi0_r2_case.m:255,cfg.pod.spatial_stride,tandem_f40a3_phi0_r2_case.m:286,[2 2],tblR2.pod_module（按调用组定位，非逐字段动态覆盖证明）,用户可调（消费者和本case模式生效时）,当前主脚本为有效参数依据；原来源见原位置
cfg.pod.x_range_mm,project/cases/per_case/tandem_f40a3_phi0_r2/tandem_f40a3_phi0_r2_case.m:256,cfg.pod.x_range_mm,tandem_f40a3_phi0_r2_case.m:287,[80 328],tblR2.pod_module（按调用组定位，非逐字段动态覆盖证明）,用户可调（消费者和本case模式生效时）,当前主脚本为有效参数依据；原来源见原位置
cfg.pod.max_y_over_delta,project/cases/per_case/tandem_f40a3_phi0_r2/tandem_f40a3_phi0_r2_case.m:257,cfg.pod.max_y_over_delta,tandem_f40a3_phi0_r2_case.m:288,1.5,tblR2.pod_module（按调用组定位，非逐字段动态覆盖证明）,用户可调（消费者和本case模式生效时）,当前主脚本为有效参数依据；原来源见原位置
cfg.pod.oversampling,project/cases/per_case/tandem_f40a3_phi0_r2/tandem_f40a3_phi0_r2_case.m:258,cfg.pod.oversampling,tandem_f40a3_phi0_r2_case.m:289,8,tblR2.pod_module（按调用组定位，非逐字段动态覆盖证明）,用户可调（消费者和本case模式生效时）,当前主脚本为有效参数依据；原来源见原位置
cfg.pod.random_seed,project/cases/per_case/tandem_f40a3_phi0_r2/tandem_f40a3_phi0_r2_case.m:259,cfg.pod.random_seed,tandem_f40a3_phi0_r2_case.m:290,1729,tblR2.pod_module（按调用组定位，非逐字段动态覆盖证明）,用户可调（消费者和本case模式生效时）,当前主脚本为有效参数依据；原来源见原位置
cfg.pod.max_frames,project/cases/per_case/tandem_f40a3_phi0_r2/tandem_f40a3_phi0_r2_case.m:260,cfg.pod.max_frames,tandem_f40a3_phi0_r2_case.m:291,cfg.total_frames,tblR2.pod_module（按调用组定位，非逐字段动态覆盖证明）,用户可调（消费者和本case模式生效时）,当前主脚本为有效参数依据；原来源见原位置
cfg.pod.reconstruction,project/cases/per_case/tandem_f40a3_phi0_r2/tandem_f40a3_phi0_r2_case.m:261,cfg.pod.reconstruction,tandem_f40a3_phi0_r2_case.m:292,struct(),project/lib/+tblR2/pod_cache.m:67; project/lib/+tblR2/pod_cache.m:68; project/lib/+tblR2/pod_cache.m:69,配置容器/初值复制；请改叶字段,当前主脚本为有效参数依据；原来源见原位置
cfg.pod.reconstruction.enabled,project/cases/per_case/tandem_f40a3_phi0_r2/tandem_f40a3_phi0_r2_case.m:262,cfg.pod.reconstruction.enabled,tandem_f40a3_phi0_r2_case.m:293,true,project/lib/+tblR2/pod_cache.m:68,用户可调（消费者和本case模式生效时）,当前主脚本为有效参数依据；原来源见原位置
cfg.pod.reconstruction.frame_positions,project/cases/per_case/tandem_f40a3_phi0_r2/tandem_f40a3_phi0_r2_case.m:263,cfg.pod.reconstruction.frame_positions,tandem_f40a3_phi0_r2_case.m:294,[],tblR2.pod_module（按调用组定位，非逐字段动态覆盖证明）,用户可调（消费者和本case模式生效时）,当前主脚本为有效参数依据；原来源见原位置
cfg.pod.reconstruction.n_modes,project/cases/per_case/tandem_f40a3_phi0_r2/tandem_f40a3_phi0_r2_case.m:264,cfg.pod.reconstruction.n_modes,tandem_f40a3_phi0_r2_case.m:295,20,tblR2.pod_module（按调用组定位，非逐字段动态覆盖证明）,用户可调（消费者和本case模式生效时）,当前主脚本为有效参数依据；原来源见原位置
cfg.pod.reconstruction.add_mean,project/cases/per_case/tandem_f40a3_phi0_r2/tandem_f40a3_phi0_r2_case.m:265,cfg.pod.reconstruction.add_mean,tandem_f40a3_phi0_r2_case.m:296,true,tblR2.pod_module（按调用组定位，非逐字段动态覆盖证明）,用户可调（消费者和本case模式生效时）,当前主脚本为有效参数依据；原来源见原位置
cfg.pod.reconstruction.include_raw,project/cases/per_case/tandem_f40a3_phi0_r2/tandem_f40a3_phi0_r2_case.m:266,cfg.pod.reconstruction.include_raw,tandem_f40a3_phi0_r2_case.m:297,true,tblR2.pod_module（按调用组定位，非逐字段动态覆盖证明）,用户可调（消费者和本case模式生效时）,当前主脚本为有效参数依据；原来源见原位置
cfg.dmd,project/cases/per_case/tandem_f40a3_phi0_r2/tandem_f40a3_phi0_r2_case.m:267,cfg.dmd,tandem_f40a3_phi0_r2_case.m:298,cfg.pod,project/lib/+tblR2/dmd_module.m:20; project/lib/+tblR2/dmd_module.m:23; project/lib/+tblR2/dmd_module.m:55; project/lib/+tblR2/dmd_module.m:56,派生初值继承；请改POD公共字段或下面的DMD/SPOD覆盖字段,当前主脚本为有效参数依据；原来源见原位置
cfg.dmd.spatial_stride,project/cases/per_case/tandem_f40a3_phi0_r2/tandem_f40a3_phi0_r2_case.m:268,cfg.dmd.spatial_stride,tandem_f40a3_phi0_r2_case.m:299,[2 4],tblR2.dmd_module（cfg.pod 初值继承）（按调用组定位，非逐字段动态覆盖证明）,用户可调（消费者和本case模式生效时）,当前主脚本为有效参数依据；原来源见原位置
cfg.dmd.random_seed,project/cases/per_case/tandem_f40a3_phi0_r2/tandem_f40a3_phi0_r2_case.m:269,cfg.dmd.random_seed,tandem_f40a3_phi0_r2_case.m:300,2718,tblR2.dmd_module（cfg.pod 初值继承）（按调用组定位，非逐字段动态覆盖证明）,用户可调（消费者和本case模式生效时）,当前主脚本为有效参数依据；原来源见原位置
cfg.spod,project/cases/per_case/tandem_f40a3_phi0_r2/tandem_f40a3_phi0_r2_case.m:270,cfg.spod,tandem_f40a3_phi0_r2_case.m:301,cfg.dmd,project/lib/+tblR2/spod_cache.m:13; project/lib/+tblR2/spod_toolbox_adapter.m:16; project/lib/+tblR2/spod_toolbox_adapter.m:21; project/lib/+tblR2/spod_toolbox_adapter.m:35; project/lib/+tblR2/spod_toolbox_adapter.m:41; project/lib/+tblR2/spod_toolbox_adapter.m:51,派生初值继承；请改POD公共字段或下面的DMD/SPOD覆盖字段,当前主脚本为有效参数依据；原来源见原位置
cfg.spod.nfft,project/cases/per_case/tandem_f40a3_phi0_r2/tandem_f40a3_phi0_r2_case.m:271,cfg.spod.nfft,tandem_f40a3_phi0_r2_case.m:303,512,project/lib/+tblR2/spod_toolbox_adapter.m:16,用户可调（消费者和本case模式生效时）,当前主脚本为有效参数依据；原来源见原位置
cfg.spod.overlap_fraction,project/cases/per_case/tandem_f40a3_phi0_r2/tandem_f40a3_phi0_r2_case.m:272,cfg.spod.overlap_fraction,tandem_f40a3_phi0_r2_case.m:304,0.50,project/lib/+tblR2/spod_toolbox_adapter.m:21,用户可调（消费者和本case模式生效时）,当前主脚本为有效参数依据；原来源见原位置
cfg.spod.selected_frequencies_hz,project/cases/per_case/tandem_f40a3_phi0_r2/tandem_f40a3_phi0_r2_case.m:273,cfg.spod.selected_frequencies_hz,tandem_f40a3_phi0_r2_case.m:305,[],tblR2.spod_cache（cfg.dmd 初值继承）（按调用组定位，非逐字段动态覆盖证明）,用户可调（消费者和本case模式生效时）,当前主脚本为有效参数依据；原来源见原位置
cfg.spod.spatial_block_dof,project/cases/per_case/tandem_f40a3_phi0_r2/tandem_f40a3_phi0_r2_case.m:274,cfg.spod.spatial_block_dof,tandem_f40a3_phi0_r2_case.m:306,256,tblR2.spod_cache（cfg.dmd 初值继承）（按调用组定位，非逐字段动态覆盖证明）,用户可调（消费者和本case模式生效时）,当前主脚本为有效参数依据；原来源见原位置
cfg.lcs,project/cases/per_case/tandem_f40a3_phi0_r2/tandem_f40a3_phi0_r2_case.m:275,cfg.lcs,tandem_f40a3_phi0_r2_case.m:307,struct(),project/lib/+tblR2/plot_products.m:74; project/lib/+tblR2/plot_products.m:75; project/lib/+tblR2/plot_products.m:76; project/lib/+tblR2/validate_config.m:72; project/lib/+tblR2/lcs_ftle.m:28,配置容器/初值复制；请改叶字段,当前主脚本为有效参数依据；原来源见原位置
cfg.lcs.direction,project/cases/per_case/tandem_f40a3_phi0_r2/tandem_f40a3_phi0_r2_case.m:276,cfg.lcs.direction,tandem_f40a3_phi0_r2_case.m:308,'backward',tblR2.lcs_ftle（按调用组定位，非逐字段动态覆盖证明）,用户可调（消费者和本case模式生效时）,当前主脚本为有效参数依据；原来源见原位置
cfg.lcs.integration_steps,project/cases/per_case/tandem_f40a3_phi0_r2/tandem_f40a3_phi0_r2_case.m:277,cfg.lcs.integration_steps,tandem_f40a3_phi0_r2_case.m:309,10,tblR2.lcs_ftle（按调用组定位，非逐字段动态覆盖证明）,用户可调（消费者和本case模式生效时）,当前主脚本为有效参数依据；原来源见原位置
cfg.lcs.frame_start,project/cases/per_case/tandem_f40a3_phi0_r2/tandem_f40a3_phi0_r2_case.m:278,cfg.lcs.frame_start,tandem_f40a3_phi0_r2_case.m:310,11,tblR2.lcs_ftle（按调用组定位，非逐字段动态覆盖证明）,用户可调（消费者和本case模式生效时）,当前主脚本为有效参数依据；原来源见原位置
cfg.lcs.frame_end,project/cases/per_case/tandem_f40a3_phi0_r2/tandem_f40a3_phi0_r2_case.m:279,cfg.lcs.frame_end,tandem_f40a3_phi0_r2_case.m:311,[],tblR2.lcs_ftle（按调用组定位，非逐字段动态覆盖证明）,用户可调（消费者和本case模式生效时）,当前主脚本为有效参数依据；原来源见原位置
cfg.lcs.frame_stride,project/cases/per_case/tandem_f40a3_phi0_r2/tandem_f40a3_phi0_r2_case.m:280,cfg.lcs.frame_stride,tandem_f40a3_phi0_r2_case.m:312,1,tblR2.lcs_ftle（按调用组定位，非逐字段动态覆盖证明）,用户可调（消费者和本case模式生效时）,当前主脚本为有效参数依据；原来源见原位置
cfg.lcs.seed_region,project/cases/per_case/tandem_f40a3_phi0_r2/tandem_f40a3_phi0_r2_case.m:281,cfg.lcs.seed_region,tandem_f40a3_phi0_r2_case.m:313,[],tblR2.lcs_ftle（按调用组定位，非逐字段动态覆盖证明）,用户可调（消费者和本case模式生效时）,当前主脚本为有效参数依据；原来源见原位置
cfg.lcs.seed_size,project/cases/per_case/tandem_f40a3_phi0_r2/tandem_f40a3_phi0_r2_case.m:282,cfg.lcs.seed_size,tandem_f40a3_phi0_r2_case.m:314,[41 41],tblR2.lcs_ftle（按调用组定位，非逐字段动态覆盖证明）,用户可调（消费者和本case模式生效时）,当前主脚本为有效参数依据；原来源见原位置
cfg.lcs.velocity_to_grid_scale,project/cases/per_case/tandem_f40a3_phi0_r2/tandem_f40a3_phi0_r2_case.m:283,cfg.lcs.velocity_to_grid_scale,tandem_f40a3_phi0_r2_case.m:315,1000,tblR2.lcs_ftle（按调用组定位，非逐字段动态覆盖证明）,用户可调（消费者和本case模式生效时）,当前主脚本为有效参数依据；原来源见原位置
cfg.lcs.plot_frame_indices,project/cases/per_case/tandem_f40a3_phi0_r2/tandem_f40a3_phi0_r2_case.m:284,cfg.lcs.plot_frame_indices,tandem_f40a3_phi0_r2_case.m:316,[],project/lib/+tblR2/plot_products.m:75; project/lib/+tblR2/plot_products.m:76,用户可调（消费者和本case模式生效时）,当前主脚本为有效参数依据；原来源见原位置
cfg.lcs.branch,project/cases/per_case/tandem_f40a3_phi0_r2/tandem_f40a3_phi0_r2_case.m:285,cfg.lcs.branch,tandem_f40a3_phi0_r2_case.m:317,'raw',tblR2.lcs_ftle（按调用组定位，非逐字段动态覆盖证明）,用户可调（消费者和本case模式生效时）,当前主脚本为有效参数依据；原来源见原位置
cfg.lcs.source_role,project/cases/per_case/tandem_f40a3_phi0_r2/tandem_f40a3_phi0_r2_case.m:286,cfg.lcs.source_role,tandem_f40a3_phi0_r2_case.m:318,'postproc',tblR2.lcs_ftle（按调用组定位，非逐字段动态覆盖证明）,用户可调（消费者和本case模式生效时）,当前主脚本为有效参数依据；原来源见原位置
cfg.correlations,project/cases/per_case/tandem_f40a3_phi0_r2/tandem_f40a3_phi0_r2_case.m:289,cfg.correlations,tandem_f40a3_phi0_r2_case.m:321,struct(),project/lib/+tblR2/correlation_analysis_cache.m:13; project/lib/+tblR2/correlation_analysis_cache.m:23; project/lib/+tblR2/correlation_analysis_cache.m:24; project/lib/+tblR2/correlation_analysis_cache.m:25; project/lib/+tblR2/correlation_analysis_cache.m:26; project/lib/+tblR2/correlation_analysis_cache.m:98; project/lib/+tblR2/correlation_analysis_cache.m:102; project/lib/+tblR2/correlation_analysis_cache.m:104,配置容器/初值复制；请改叶字段,当前主脚本为有效参数依据；原来源见原位置
cfg.correlations.reference_points_mm,project/cases/per_case/tandem_f40a3_phi0_r2/tandem_f40a3_phi0_r2_case.m:290,cfg.correlations.reference_points_mm,tandem_f40a3_phi0_r2_case.m:322,[120 1,project/lib/+tblR2/correlation_analysis_cache.m:13,用户可调（消费者和本case模式生效时）,当前主脚本为有效参数依据；原来源见原位置
cfg.correlations.max_time_lag_s,project/cases/per_case/tandem_f40a3_phi0_r2/tandem_f40a3_phi0_r2_case.m:291,cfg.correlations.max_time_lag_s,tandem_f40a3_phi0_r2_case.m:323,0.10,project/lib/+tblR2/correlation_analysis_cache.m:23,用户可调（消费者和本case模式生效时）,当前主脚本为有效参数依据；原来源见原位置
cfg.correlations.max_streamwise_lag_mm,project/cases/per_case/tandem_f40a3_phi0_r2/tandem_f40a3_phi0_r2_case.m:292,cfg.correlations.max_streamwise_lag_mm,tandem_f40a3_phi0_r2_case.m:324,120,project/lib/+tblR2/correlation_analysis_cache.m:156; project/lib/+tblR2/correlation_analysis_cache.m:279,用户可调（消费者和本case模式生效时）,当前主脚本为有效参数依据；原来源见原位置
cfg.correlations.selected_y_plus,project/cases/per_case/tandem_f40a3_phi0_r2/tandem_f40a3_phi0_r2_case.m:293,cfg.correlations.selected_y_plus,tandem_f40a3_phi0_r2_case.m:325,[100 200 400 800],project/lib/+tblR2/correlation_analysis_cache.m:98; project/lib/+tblR2/correlation_analysis_cache.m:102; project/lib/+tblR2/correlation_analysis_cache.m:104; project/lib/+tblR2/correlation_analysis_cache.m:105; project/lib/+tblR2/correlation_analysis_cache.m:129; project/lib/+tblR2/harmonic_analysis.m:58,用户可调（消费者和本case模式生效时）,当前主脚本为有效参数依据；原来源见原位置
cfg.correlations.ridge_min_correlation,project/cases/per_case/tandem_f40a3_phi0_r2/tandem_f40a3_phi0_r2_case.m:294,cfg.correlations.ridge_min_correlation,tandem_f40a3_phi0_r2_case.m:326,0.20,project/lib/+tblR2/correlation_analysis_cache.m:293; project/lib/+tblR2/correlation_analysis_cache.m:315,用户可调（消费者和本case模式生效时）,当前主脚本为有效参数依据；原来源见原位置
cfg.correlations.two_point,project/cases/per_case/tandem_f40a3_phi0_r2/tandem_f40a3_phi0_r2_case.m:295,cfg.correlations.two_point,tandem_f40a3_phi0_r2_case.m:327,false,tblR2.correlation_analysis_cache（按调用组定位，非逐字段动态覆盖证明）,用户可调（消费者和本case模式生效时）,当前主脚本为有效参数依据；原来源见原位置
cfg.correlations.space_time,project/cases/per_case/tandem_f40a3_phi0_r2/tandem_f40a3_phi0_r2_case.m:296,cfg.correlations.space_time,tandem_f40a3_phi0_r2_case.m:328,false,tblR2.correlation_analysis_cache（按调用组定位，非逐字段动态覆盖证明）,用户可调（消费者和本case模式生效时）,当前主脚本为有效参数依据；原来源见原位置
cfg.correlations.streamwise,project/cases/per_case/tandem_f40a3_phi0_r2/tandem_f40a3_phi0_r2_case.m:297,cfg.correlations.streamwise,tandem_f40a3_phi0_r2_case.m:329,false,tblR2.correlation_analysis_cache（按调用组定位，非逐字段动态覆盖证明）,用户可调（消费者和本case模式生效时）,当前主脚本为有效参数依据；原来源见原位置
cfg.streamwise_development,project/cases/per_case/tandem_f40a3_phi0_r2/tandem_f40a3_phi0_r2_case.m:298,cfg.streamwise_development,tandem_f40a3_phi0_r2_case.m:330,struct(),project/lib/+tblR2/streamwise_development_analysis.m:19; project/lib/+tblR2/streamwise_development_analysis.m:20; project/lib/+tblR2/streamwise_development_analysis.m:23; project/lib/+tblR2/plot_core_products.m:973; project/lib/+tblR2/plot_core_products.m:975,配置容器/初值复制；请改叶字段,当前主脚本为有效参数依据；原来源见原位置
cfg.streamwise_development.edge_buffer_columns,project/cases/per_case/tandem_f40a3_phi0_r2/tandem_f40a3_phi0_r2_case.m:299,cfg.streamwise_development.edge_buffer_columns,tandem_f40a3_phi0_r2_case.m:331,20,project/lib/+tblR2/plot_core_products.m:975,用户可调（消费者和本case模式生效时）,当前主脚本为有效参数依据；原来源见原位置
cfg.figures,project/cases/per_case/tandem_f40a3_phi0_r2/tandem_f40a3_phi0_r2_case.m:302,cfg.figures,tandem_f40a3_phi0_r2_case.m:334,struct(),project/lib/+tblR2/figures_family.m:8; project/lib/+tblR2/figures_family.m:12; project/lib/+tblR2/figures_family.m:15; project/lib/+tblR2/figures_family.m:23; project/lib/+tblR2/figures_family.m:24; project/lib/+tblR2/figures_family.m:25; project/lib/+tblR2/figures_family.m:26; project/lib/+tblR2/figures_global.m:8,配置容器/初值复制；请改叶字段,当前主脚本为有效参数依据；原来源见原位置
cfg.figures.formats,project/cases/per_case/tandem_f40a3_phi0_r2/tandem_f40a3_phi0_r2_case.m:303,cfg.figures.formats,tandem_f40a3_phi0_r2_case.m:335,"{'png', 'fig'}",tblR2.figures_global / figures_family -> 实际绘图函数（需按job检查）（按调用组定位，非逐字段动态覆盖证明）,用户可调（消费者和本case模式生效时）,当前主脚本为有效参数依据；原来源见原位置
cfg.figures.export_dpi,project/cases/per_case/tandem_f40a3_phi0_r2/tandem_f40a3_phi0_r2_case.m:304,cfg.figures.export_dpi,tandem_f40a3_phi0_r2_case.m:336,200,project/lib/+tblR2/section4_vlsm_analysis.m:355,用户可调（消费者和本case模式生效时）,当前主脚本为有效参数依据；原来源见原位置
cfg.figures.robust_color_quantiles,project/cases/per_case/tandem_f40a3_phi0_r2/tandem_f40a3_phi0_r2_case.m:305,cfg.figures.robust_color_quantiles,tandem_f40a3_phi0_r2_case.m:337,[0.005 0.995],tblR2.figures_global / figures_family -> 实际绘图函数（需按job检查）（按调用组定位，非逐字段动态覆盖证明）,用户可调（消费者和本case模式生效时）,当前主脚本为有效参数依据；原来源见原位置
cfg.figures.contour_levels,project/cases/per_case/tandem_f40a3_phi0_r2/tandem_f40a3_phi0_r2_case.m:306,cfg.figures.contour_levels,tandem_f40a3_phi0_r2_case.m:338,struct(),tblR2.figures_global / figures_family -> 实际绘图函数（需按job检查）（按调用组定位，非逐字段动态覆盖证明）,配置容器/初值复制；请改叶字段,当前主脚本为有效参数依据；原来源见原位置
cfg.figures.contour_levels.default,project/cases/per_case/tandem_f40a3_phi0_r2/tandem_f40a3_phi0_r2_case.m:307,cfg.figures.contour_levels.default,tandem_f40a3_phi0_r2_case.m:339,60,tblR2.figures_global / figures_family -> 实际绘图函数（需按job检查）（按调用组定位，非逐字段动态覆盖证明）,用户可调（消费者和本case模式生效时）,当前主脚本为有效参数依据；原来源见原位置
cfg.figures.colormaps,project/cases/per_case/tandem_f40a3_phi0_r2/tandem_f40a3_phi0_r2_case.m:308,cfg.figures.colormaps,tandem_f40a3_phi0_r2_case.m:340,struct(),tblR2.figures_global / figures_family -> 实际绘图函数（需按job检查）（按调用组定位，非逐字段动态覆盖证明）,配置容器/初值复制；请改叶字段,当前主脚本为有效参数依据；原来源见原位置
cfg.figures.colormaps.default,project/cases/per_case/tandem_f40a3_phi0_r2/tandem_f40a3_phi0_r2_case.m:309,cfg.figures.colormaps.default,tandem_f40a3_phi0_r2_case.m:341,'turbo',tblR2.figures_global / figures_family -> 实际绘图函数（需按job检查）（按调用组定位，非逐字段动态覆盖证明）,用户可调（消费者和本case模式生效时）,当前主脚本为有效参数依据；原来源见原位置
cfg.figures.colormaps.mean_u,project/cases/per_case/tandem_f40a3_phi0_r2/tandem_f40a3_phi0_r2_case.m:310,cfg.figures.colormaps.mean_u,tandem_f40a3_phi0_r2_case.m:342,'turbo',tblR2.figures_global / figures_family -> 实际绘图函数（需按job检查）（按调用组定位，非逐字段动态覆盖证明）,用户可调（消费者和本case模式生效时）,当前主脚本为有效参数依据；原来源见原位置
cfg.figures.colormaps.mean_v,project/cases/per_case/tandem_f40a3_phi0_r2/tandem_f40a3_phi0_r2_case.m:311,cfg.figures.colormaps.mean_v,tandem_f40a3_phi0_r2_case.m:343,'balance',tblR2.figures_global / figures_family -> 实际绘图函数（需按job检查）（按调用组定位，非逐字段动态覆盖证明）,用户可调（消费者和本case模式生效时）,当前主脚本为有效参数依据；原来源见原位置
cfg.figures.colormaps.u_rms,project/cases/per_case/tandem_f40a3_phi0_r2/tandem_f40a3_phi0_r2_case.m:312,cfg.figures.colormaps.u_rms,tandem_f40a3_phi0_r2_case.m:344,'turbo',tblR2.figures_global / figures_family -> 实际绘图函数（需按job检查）（按调用组定位，非逐字段动态覆盖证明）,用户可调（消费者和本case模式生效时）,当前主脚本为有效参数依据；原来源见原位置
cfg.figures.colormaps.v_rms,project/cases/per_case/tandem_f40a3_phi0_r2/tandem_f40a3_phi0_r2_case.m:313,cfg.figures.colormaps.v_rms,tandem_f40a3_phi0_r2_case.m:345,'turbo',tblR2.figures_global / figures_family -> 实际绘图函数（需按job检查）（按调用组定位，非逐字段动态覆盖证明）,用户可调（消费者和本case模式生效时）,当前主脚本为有效参数依据；原来源见原位置
cfg.figures.colormaps.negative_uv,project/cases/per_case/tandem_f40a3_phi0_r2/tandem_f40a3_phi0_r2_case.m:314,cfg.figures.colormaps.negative_uv,tandem_f40a3_phi0_r2_case.m:346,'balance',tblR2.figures_global / figures_family -> 实际绘图函数（需按job检查）（按调用组定位，非逐字段动态覆盖证明）,用户可调（消费者和本case模式生效时）,当前主脚本为有效参数依据；原来源见原位置
cfg.figures.colormaps.tke,project/cases/per_case/tandem_f40a3_phi0_r2/tandem_f40a3_phi0_r2_case.m:315,cfg.figures.colormaps.tke,tandem_f40a3_phi0_r2_case.m:347,'turbo',tblR2.figures_global / figures_family -> 实际绘图函数（需按job检查）（按调用组定位，非逐字段动态覆盖证明）,用户可调（消费者和本case模式生效时）,当前主脚本为有效参数依据；原来源见原位置
cfg.figures.window_size,project/cases/per_case/tandem_f40a3_phi0_r2/tandem_f40a3_phi0_r2_case.m:316,cfg.figures.window_size,tandem_f40a3_phi0_r2_case.m:348,struct(),tblR2.figures_global / figures_family -> 实际绘图函数（需按job检查）（按调用组定位，非逐字段动态覆盖证明）,配置容器/初值复制；请改叶字段,当前主脚本为有效参数依据；原来源见原位置
cfg.figures.window_size.default,project/cases/per_case/tandem_f40a3_phi0_r2/tandem_f40a3_phi0_r2_case.m:317,cfg.figures.window_size.default,tandem_f40a3_phi0_r2_case.m:349,[1450 760],tblR2.figures_global / figures_family -> 实际绘图函数（需按job检查）（按调用组定位，非逐字段动态覆盖证明）,用户可调（消费者和本case模式生效时）,当前主脚本为有效参数依据；原来源见原位置
cfg.figures.window_size.mean_turbulence,project/cases/per_case/tandem_f40a3_phi0_r2/tandem_f40a3_phi0_r2_case.m:318,cfg.figures.window_size.mean_turbulence,tandem_f40a3_phi0_r2_case.m:350,[1450 760],tblR2.figures_global / figures_family -> 实际绘图函数（需按job检查）（按调用组定位，非逐字段动态覆盖证明）,用户可调（消费者和本case模式生效时）,当前主脚本为有效参数依据；原来源见原位置
cfg.figures.window_size.mean_profiles,project/cases/per_case/tandem_f40a3_phi0_r2/tandem_f40a3_phi0_r2_case.m:319,cfg.figures.window_size.mean_profiles,tandem_f40a3_phi0_r2_case.m:351,[1500 700],tblR2.figures_global / figures_family -> 实际绘图函数（需按job检查）（按调用组定位，非逐字段动态覆盖证明）,用户可调（消费者和本case模式生效时）,当前主脚本为有效参数依据；原来源见原位置
cfg.figures.window_size.loglaw,project/cases/per_case/tandem_f40a3_phi0_r2/tandem_f40a3_phi0_r2_case.m:320,cfg.figures.window_size.loglaw,tandem_f40a3_phi0_r2_case.m:352,[1250 560],tblR2.figures_global / figures_family -> 实际绘图函数（需按job检查）（按调用组定位，非逐字段动态覆盖证明）,用户可调（消费者和本case模式生效时）,当前主脚本为有效参数依据；原来源见原位置
cfg.figures.window_size.loglaw_diagnostic,project/cases/per_case/tandem_f40a3_phi0_r2/tandem_f40a3_phi0_r2_case.m:321,cfg.figures.window_size.loglaw_diagnostic,tandem_f40a3_phi0_r2_case.m:353,[1250 560],tblR2.figures_global / figures_family -> 实际绘图函数（需按job检查）（按调用组定位，非逐字段动态覆盖证明）,用户可调（消费者和本case模式生效时）,当前主脚本为有效参数依据；原来源见原位置
cfg.figures.window_size.modern_clauser,project/cases/per_case/tandem_f40a3_phi0_r2/tandem_f40a3_phi0_r2_case.m:322,cfg.figures.window_size.modern_clauser,tandem_f40a3_phi0_r2_case.m:354,[1250 560],tblR2.figures_global / figures_family -> 实际绘图函数（需按job检查）（按调用组定位，非逐字段动态覆盖证明）,用户可调（消费者和本case模式生效时）,当前主脚本为有效参数依据；原来源见原位置
cfg.figures.window_size.modern_clauser_sensitivity,project/cases/per_case/tandem_f40a3_phi0_r2/tandem_f40a3_phi0_r2_case.m:323,cfg.figures.window_size.modern_clauser_sensitivity,tandem_f40a3_phi0_r2_case.m:355,[1400 850],tblR2.figures_global / figures_family -> 实际绘图函数（需按job检查）（按调用组定位，非逐字段动态覆盖证明）,用户可调（消费者和本case模式生效时）,当前主脚本为有效参数依据；原来源见原位置
cfg.figures.window_size.friction,project/cases/per_case/tandem_f40a3_phi0_r2/tandem_f40a3_phi0_r2_case.m:324,cfg.figures.window_size.friction,tandem_f40a3_phi0_r2_case.m:356,[1250 550],tblR2.figures_global / figures_family -> 实际绘图函数（需按job检查）（按调用组定位，非逐字段动态覆盖证明）,用户可调（消费者和本case模式生效时）,当前主脚本为有效参数依据；原来源见原位置
cfg.figures.color_limits,project/cases/per_case/tandem_f40a3_phi0_r2/tandem_f40a3_phi0_r2_case.m:325,cfg.figures.color_limits,tandem_f40a3_phi0_r2_case.m:357,struct(),tblR2.figures_global / figures_family -> 实际绘图函数（需按job检查）（按调用组定位，非逐字段动态覆盖证明）,配置容器/初值复制；请改叶字段,当前主脚本为有效参数依据；原来源见原位置
cfg.figures.color_limits.mean_u,project/cases/per_case/tandem_f40a3_phi0_r2/tandem_f40a3_phi0_r2_case.m:326,cfg.figures.color_limits.mean_u,tandem_f40a3_phi0_r2_case.m:358,[0.30 1.03],tblR2.figures_global / figures_family -> 实际绘图函数（需按job检查）（按调用组定位，非逐字段动态覆盖证明）,用户可调（消费者和本case模式生效时）,当前主脚本为有效参数依据；原来源见原位置
cfg.figures.color_limits.mean_v,project/cases/per_case/tandem_f40a3_phi0_r2/tandem_f40a3_phi0_r2_case.m:327,cfg.figures.color_limits.mean_v,tandem_f40a3_phi0_r2_case.m:359,[-0.01 0.01],tblR2.figures_global / figures_family -> 实际绘图函数（需按job检查）（按调用组定位，非逐字段动态覆盖证明）,用户可调（消费者和本case模式生效时）,当前主脚本为有效参数依据；原来源见原位置
cfg.figures.color_limits.u_rms,project/cases/per_case/tandem_f40a3_phi0_r2/tandem_f40a3_phi0_r2_case.m:328,cfg.figures.color_limits.u_rms,tandem_f40a3_phi0_r2_case.m:360,[0.02 0.32],tblR2.figures_global / figures_family -> 实际绘图函数（需按job检查）（按调用组定位，非逐字段动态覆盖证明）,用户可调（消费者和本case模式生效时）,当前主脚本为有效参数依据；原来源见原位置
cfg.figures.color_limits.v_rms,project/cases/per_case/tandem_f40a3_phi0_r2/tandem_f40a3_phi0_r2_case.m:329,cfg.figures.color_limits.v_rms,tandem_f40a3_phi0_r2_case.m:361,[0.015 0.13],tblR2.figures_global / figures_family -> 实际绘图函数（需按job检查）（按调用组定位，非逐字段动态覆盖证明）,用户可调（消费者和本case模式生效时）,当前主脚本为有效参数依据；原来源见原位置
cfg.figures.color_limits.negative_uv,project/cases/per_case/tandem_f40a3_phi0_r2/tandem_f40a3_phi0_r2_case.m:330,cfg.figures.color_limits.negative_uv,tandem_f40a3_phi0_r2_case.m:362,[-0.0016 0.0016],tblR2.figures_global / figures_family -> 实际绘图函数（需按job检查）（按调用组定位，非逐字段动态覆盖证明）,用户可调（消费者和本case模式生效时）,当前主脚本为有效参数依据；原来源见原位置
cfg.figures.color_limits.tke,project/cases/per_case/tandem_f40a3_phi0_r2/tandem_f40a3_phi0_r2_case.m:331,cfg.figures.color_limits.tke,tandem_f40a3_phi0_r2_case.m:363,[0 0.06],tblR2.figures_global / figures_family -> 实际绘图函数（需按job检查）（按调用组定位，非逐字段动态覆盖证明）,用户可调（消费者和本case模式生效时）,当前主脚本为有效参数依据；原来源见原位置
cfg.figures.fov_aspect_ratio,project/cases/per_case/tandem_f40a3_phi0_r2/tandem_f40a3_phi0_r2_case.m:332,cfg.figures.fov_aspect_ratio,tandem_f40a3_phi0_r2_case.m:364,[1 1],tblR2.figures_global / figures_family -> 实际绘图函数（需按job检查）（按调用组定位，非逐字段动态覆盖证明）,用户可调（消费者和本case模式生效时）,当前主脚本为有效参数依据；原来源见原位置
cfg.figures.instantaneous,project/cases/per_case/tandem_f40a3_phi0_r2/tandem_f40a3_phi0_r2_case.m:333,cfg.figures.instantaneous,tandem_f40a3_phi0_r2_case.m:365,struct(),tblR2.figures_global / figures_family -> 实际绘图函数（需按job检查）（按调用组定位，非逐字段动态覆盖证明）,配置容器/初值复制；请改叶字段,当前主脚本为有效参数依据；原来源见原位置
cfg.figures.instantaneous.frame_range,project/cases/per_case/tandem_f40a3_phi0_r2/tandem_f40a3_phi0_r2_case.m:334,cfg.figures.instantaneous.frame_range,tandem_f40a3_phi0_r2_case.m:366,[1 3],tblR2.figures_global / figures_family -> 实际绘图函数（需按job检查）（按调用组定位，非逐字段动态覆盖证明）,用户可调（消费者和本case模式生效时）,当前主脚本为有效参数依据；原来源见原位置
cfg.figures.instantaneous.frame_stride,project/cases/per_case/tandem_f40a3_phi0_r2/tandem_f40a3_phi0_r2_case.m:335,cfg.figures.instantaneous.frame_stride,tandem_f40a3_phi0_r2_case.m:367,1,tblR2.figures_global / figures_family -> 实际绘图函数（需按job检查）（按调用组定位，非逐字段动态覆盖证明）,用户可调（消费者和本case模式生效时）,当前主脚本为有效参数依据；原来源见原位置
cfg.figures.instantaneous.animation,project/cases/per_case/tandem_f40a3_phi0_r2/tandem_f40a3_phi0_r2_case.m:336,cfg.figures.instantaneous.animation,tandem_f40a3_phi0_r2_case.m:368,struct(),tblR2.figures_global / figures_family -> 实际绘图函数（需按job检查）（按调用组定位，非逐字段动态覆盖证明）,配置容器/初值复制；请改叶字段,当前主脚本为有效参数依据；原来源见原位置
cfg.figures.instantaneous.animation.enabled,project/cases/per_case/tandem_f40a3_phi0_r2/tandem_f40a3_phi0_r2_case.m:337,cfg.figures.instantaneous.animation.enabled,tandem_f40a3_phi0_r2_case.m:369,false,tblR2.figures_global / figures_family -> 实际绘图函数（需按job检查）（按调用组定位，非逐字段动态覆盖证明）,用户可调（消费者和本case模式生效时）,当前主脚本为有效参数依据；原来源见原位置
cfg.figures.instantaneous.animation.fps,project/cases/per_case/tandem_f40a3_phi0_r2/tandem_f40a3_phi0_r2_case.m:338,cfg.figures.instantaneous.animation.fps,tandem_f40a3_phi0_r2_case.m:370,5,tblR2.figures_global / figures_family -> 实际绘图函数（需按job检查）（按调用组定位，非逐字段动态覆盖证明）,用户可调（消费者和本case模式生效时）,当前主脚本为有效参数依据；原来源见原位置
cfg.figures.instantaneous.color_limits,project/cases/per_case/tandem_f40a3_phi0_r2/tandem_f40a3_phi0_r2_case.m:339,cfg.figures.instantaneous.color_limits,tandem_f40a3_phi0_r2_case.m:371,struct(),tblR2.figures_global / figures_family -> 实际绘图函数（需按job检查）（按调用组定位，非逐字段动态覆盖证明）,配置容器/初值复制；请改叶字段,当前主脚本为有效参数依据；原来源见原位置
cfg.figures.jobs,project/cases/per_case/tandem_f40a3_phi0_r2/tandem_f40a3_phi0_r2_case.m:340,cfg.figures.jobs,tandem_f40a3_phi0_r2_case.m:372,"{'mean_turbulence', 'mean_profiles', 'loglaw', 'loglaw_diagnostic', 'modern_clauser', 'friction', 'structures', 'transport', 'temporal_spectra', 'spatial_spectra', 'pod', 'dmd', 'lcs_ftle', 'spod', 'phase_triple', 'correlations', 'harmonics'}",tblR2.figures_global / figures_family -> 实际绘图函数（需按job检查）（按调用组定位，非逐字段动态覆盖证明）,用户可调（消费者和本case模式生效时）,当前主脚本为有效参数依据；原来源见原位置
cfg.preview,project/cases/per_case/tandem_f40a3_phi0_r2/tandem_f40a3_phi0_r2_case.m:341,cfg.preview,tandem_f40a3_phi0_r2_case.m:373,struct(),project/lib/+tblR2/plot_core_products.m:437; project/lib/+tblR2/plot_core_products.m:438,配置容器/初值复制；请改叶字段,当前主脚本为有效参数依据；原来源见原位置
cfg.preview.enabled,project/cases/per_case/tandem_f40a3_phi0_r2/tandem_f40a3_phi0_r2_case.m:342,cfg.preview.enabled,tandem_f40a3_phi0_r2_case.m:374,false,主脚本或动态字段消费者；未穷尽静态追踪（按调用组定位，非逐字段动态覆盖证明）,用户可调（消费者和本case模式生效时）,当前主脚本为有效参数依据；原来源见原位置
cfg.sources.raw.roots,project/cases/per_case/tandem_f40a3_phi0_r2/tandem_f40a3_phi0_r2_case.m:389,cfg.sources.raw.roots,tandem_f40a3_phi0_r2_case.m:89,"{ ...
    fullfile(input_root, 'Tandem_f40A3_Phi+0_PIV_3rd'), ...
    fullfile(input_root, 'Tandem_f40A3_Phi+0_PIV_2nd')}",project/lib/+tblR2/validate_config.m:109,用户可调（消费者和本case模式生效时）,当前主脚本为有效参数依据；原来源见原位置
cfg.sources.raw.offsets,project/cases/per_case/tandem_f40a3_phi0_r2/tandem_f40a3_phi0_r2_case.m:390,cfg.sources.raw.offsets,tandem_f40a3_phi0_r2_case.m:92,[0 0],tblR2.prepare_sequence_cache（实际来源初始化段后赋值）（按调用组定位，非逐字段动态覆盖证明）,用户可调（消费者和本case模式生效时）,当前主脚本为有效参数依据；原来源见原位置
cfg.sources.raw.ids,project/cases/per_case/tandem_f40a3_phi0_r2/tandem_f40a3_phi0_r2_case.m:391,cfg.sources.raw.ids,tandem_f40a3_phi0_r2_case.m:93,"{'Tandem_f40A3_Phi+0_PIV_3rd', 'Tandem_f40A3_Phi+0_PIV_2nd'}",tblR2.prepare_sequence_cache（实际来源初始化段后赋值）（按调用组定位，非逐字段动态覆盖证明）,用户可调（消费者和本case模式生效时）,当前主脚本为有效参数依据；原来源见原位置
cfg.sources.postproc.roots,project/cases/per_case/tandem_f40a3_phi0_r2/tandem_f40a3_phi0_r2_case.m:392,cfg.sources.postproc.roots,tandem_f40a3_phi0_r2_case.m:95,"{ ...
    fullfile(input_root, 'Tandem_f40A3_Phi+0_PostProc_3rd'), ...
    fullfile(input_root, 'Tandem_f40A3_Phi+0_PostProc_2nd')}",tblR2.prepare_sequence_cache（实际来源初始化段后赋值）（按调用组定位，非逐字段动态覆盖证明）,用户可调（消费者和本case模式生效时）,当前主脚本为有效参数依据；原来源见原位置
cfg.sources.postproc.offsets,project/cases/per_case/tandem_f40a3_phi0_r2/tandem_f40a3_phi0_r2_case.m:393,cfg.sources.postproc.offsets,tandem_f40a3_phi0_r2_case.m:98,[0 0],tblR2.prepare_sequence_cache（实际来源初始化段后赋值）（按调用组定位，非逐字段动态覆盖证明）,用户可调（消费者和本case模式生效时）,当前主脚本为有效参数依据；原来源见原位置
cfg.sources.postproc.ids,project/cases/per_case/tandem_f40a3_phi0_r2/tandem_f40a3_phi0_r2_case.m:394,cfg.sources.postproc.ids,tandem_f40a3_phi0_r2_case.m:99,"{'Tandem_f40A3_Phi+0_PostProc_3rd', 'Tandem_f40A3_Phi+0_PostProc_2nd'}",tblR2.prepare_sequence_cache（实际来源初始化段后赋值）（按调用组定位，非逐字段动态覆盖证明）,用户可调（消费者和本case模式生效时）,当前主脚本为有效参数依据；原来源见原位置
cfg.data_root,project/cases/per_case/tandem_f40a3_phi0_r2/tandem_f40a3_phi0_r2_case.m:395,cfg.data_root,tandem_f40a3_phi0_r2_case.m:100,cfg.sources.raw.roots{1},project/lib/+tblR2/save_result.m:6; project/lib/+tblR2/validate_config.m:109; project/lib/+tblR2/section4_vlsm_analysis.m:909,身份或派生字段；非日常科学参数,当前主脚本为有效参数依据；原来源见原位置
cfg.preview,project/cases/per_case/tandem_f40a3_phi0_r2/tandem_f40a3_phi0_r2_case.m:497,cfg.preview,tandem_f40a3_phi0_r2_case.m:373,struct(),project/lib/+tblR2/plot_core_products.m:437; project/lib/+tblR2/plot_core_products.m:438,配置容器/初值复制；请改叶字段,当前主脚本为有效参数依据；原来源见原位置
内部默认/新增本地路径,quadrant_streaming 原默认,cfg.transport.stress_fraction_floor,tandem_f40a3_phi0_r2_case.m:258,1e-6,quadrant_streaming,是；正式默认值保持原值,P3 外提；SPOD 路径为 P2 新增且默认未启用
内部默认/新增本地路径,plot_section3_preview 原默认,cfg.phase_preview.smooth_points,tandem_f40a3_phi0_r2_case.m:194,5,plot_section3_preview,是；正式默认值保持原值,P3 外提；SPOD 路径为 P2 新增且默认未启用
内部默认/新增本地路径,d23.finalize_context 原默认,cfg.structures.section4.reference_x_mm,tandem_f40a3_phi0_r2_case.m:236,[100 220],d23.finalize_context,是；正式默认值保持原值,P3 外提；SPOD 路径为 P2 新增且默认未启用
内部默认/新增本地路径,d23.compute_statistics / run_detection 原默认,cfg.structures.section4.chunk_frames,tandem_f40a3_phi0_r2_case.m:237,48,d23.compute_statistics / run_detection,是；正式默认值保持原值,P3 外提；SPOD 路径为 P2 新增且默认未启用
内部默认/新增本地路径,d23.identify_frame 原默认,cfg.structures.section4.amplitude_multiplier,tandem_f40a3_phi0_r2_case.m:238,1.0,d23.identify_frame,是；正式默认值保持原值,P3 外提；SPOD 路径为 P2 新增且默认未启用
内部默认/新增本地路径,d23.build_pod_cache 原默认,cfg.structures.section4.pod.spatial_block_dof,tandem_f40a3_phi0_r2_case.m:240,512,d23.build_pod_cache,是；正式默认值保持原值,P3 外提；SPOD 路径为 P2 新增且默认未启用
内部默认/新增本地路径,d23.build_pod_cache 原默认,cfg.structures.section4.pod.time_tile_frames,tandem_f40a3_phi0_r2_case.m:241,128,d23.build_pod_cache,是；正式默认值保持原值,P3 外提；SPOD 路径为 P2 新增且默认未启用
内部默认/新增本地路径,ensure_external_toolboxes 原默认,cfg.spod.toolbox_dir,tandem_f40a3_phi0_r2_case.m:302,'',ensure_external_toolboxes,是；正式默认值保持原值,P3 外提；SPOD 路径为 P2 新增且默认未启用
